model,input_tokens,output_tokens,cost_usd,timestamp
qwen3-coder:30b-a3b-q4_K_M,700,300,0.0015,2026-05-11T18:04:56.139160+00:00
qwen3-coder:30b-a3b-q4_K_M,1400,600,0.002,2026-05-11T18:05:35.097944+00:00
qwen3-coder:30b-a3b-q4_K_M,1400,600,0.002,2026-05-11T18:21:17.152518+00:00
qwen3-coder:30b-a3b-q4_K_M,1400,600,0.002,2026-05-11T18:21:36.880919+00:00
qwen3-coder:30b-a3b-q4_K_M,70,30,0.0,2026-05-11T19:57:17.759780+00:00
MiniMax-M2.7-highspeed,1288,552,0.000276,2026-05-15T07:32:23.931639+00:00
deepseek-chat,48,21,0.0,2026-05-15T08:31:38.727200+00:00
deepseek-chat,595,255,0.0,2026-05-15T08:44:02+00:00
nvidia/nemotron-3-super-120b-a12b-20230311:free,56,24,0.0,2026-05-15T20:42:55.653563+00:00
nvidia/nemotron-3-super-120b-a12b-20230311:free,69,30,0.0,2026-05-15T20:43:13.925090+00:00
nvidia/nemotron-3-super-120b-a12b-20230311:free,57,25,0.0,2026-05-15T20:43:16.258015+00:00
nvidia/nemotron-3-super-120b-a12b-20230311:free,721,310,0.0,2026-05-15T20:45:37.536012+00:00
nvidia/nemotron-3-super-120b-a12b-20230311:free,65,29,0.0,2026-05-15T20:48:07.209576+00:00
nvidia/nemotron-3-super-120b-a12b-20230311:free,826,355,0.0,2026-05-15T20:51:49.543506+00:00
nvidia/nemotron-3-super-120b-a12b-20230311:free,821,353,0.0,2026-05-15T21:05:00.342619+00:00
nvidia/nemotron-3-super-120b-a12b-20230311:free,616,264,0.0,2026-05-15T21:05:13.366518+00:00
nvidia/nemotron-3-super-120b-a12b-20230311:free,686,295,0.0,2026-05-15T21:51:58.448340+00:00
nvidia/nemotron-3-super-120b-a12b-20230311:free,556,239,0.0,2026-05-15T22:17:15.661897+00:00
nvidia/nemotron-3-super-120b-a12b-20230311:free,618,266,0.0,2026-05-15T22:23:28.835383+00:00
nvidia/nemotron-3-super-120b-a12b-20230311:free,976,419,0.0,2026-05-15T22:29:39.304883+00:00
nvidia/nemotron-3-super-120b-a12b-20230311:free,700,301,0.0,2026-05-15T22:36:51.911300+00:00
nvidia/nemotron-3-super-120b-a12b-20230311:free,809,348,0.0,2026-05-15T22:37:30.442224+00:00
nvidia/nemotron-3-super-120b-a12b-20230311:free,541,233,0.0,2026-05-15T22:37:38.409145+00:00
nvidia/nemotron-3-super-120b-a12b-20230311:free,738,317,0.0,2026-05-15T22:50:07.734438+00:00
nvidia/nemotron-3-super-120b-a12b-20230311:free,720,309,0.0,2026-05-15T22:55:42.591510+00:00
nvidia/nemotron-3-super-120b-a12b-20230311:free,697,300,0.0,2026-05-15T22:56:08.897232+00:00
nvidia/nemotron-3-super-120b-a12b-20230311:free,912,392,0.0,2026-05-15T22:58:19.892927+00:00
nvidia/nemotron-3-super-120b-a12b-20230311:free,595,255,0.0,2026-05-15T23:02:39.845828+00:00
nvidia/nemotron-3-super-120b-a12b-20230311:free,976,419,0.0,2026-05-15T23:18:45.614299+00:00
nvidia/nemotron-3-super-120b-a12b-20230311:free,473,203,0.0,2026-05-15T23:18:47.830778+00:00
nvidia/nemotron-3-super-120b-a12b-20230311:free,912,392,0.0,2026-05-15T23:51:04.370819+00:00
nvidia/nemotron-3-super-120b-a12b-20230311:free,866,372,0.0,2026-05-15T23:51:58.210336+00:00
nvidia/nemotron-3-super-120b-a12b-20230311:free,658,282,0.0,2026-05-16T00:02:05.501596+00:00
nvidia/nemotron-3-super-120b-a12b-20230311:free,613,263,0.0,2026-05-16T00:02:29.713064+00:00
nvidia/nemotron-3-super-120b-a12b-20230311:free,1062,456,0.0,2026-05-16T00:10:42.763834+00:00
nvidia/nemotron-3-super-120b-a12b-20230311:free,719,309,0.0,2026-05-16T00:30:47.584586+00:00
nvidia/nemotron-3-super-120b-a12b-20230311:free,725,312,0.0,2026-05-16T00:52:27.768425+00:00
nvidia/nemotron-3-super-120b-a12b-20230311:free,951,409,0.0,2026-05-16T01:03:47.693989+00:00
nvidia/nemotron-3-super-120b-a12b-20230311:free,632,271,0.0,2026-05-16T01:15:58.019658+00:00
nvidia/nemotron-3-super-120b-a12b-20230311:free,531,228,0.0,2026-05-16T01:21:53.403777+00:00
nvidia/nemotron-3-super-120b-a12b-20230311:free,641,276,0.0,2026-05-16T01:26:18.310923+00:00
nvidia/nemotron-3-super-120b-a12b-20230311:free,1752,752,0.0,2026-05-16T01:27:20.064288+00:00
nvidia/nemotron-3-super-120b-a12b-20230311:free,609,262,0.0,2026-05-16T01:28:36.552981+00:00
nvidia/nemotron-3-super-120b-a12b-20230311:free,842,361,0.0,2026-05-16T01:34:05.158620+00:00
nvidia/nemotron-3-super-120b-a12b-20230311:free,690,296,0.0,2026-05-16T01:50:38.730403+00:00
nvidia/nemotron-3-super-120b-a12b-20230311:free,669,288,0.0,2026-05-16T01:53:43.552921+00:00
nvidia/nemotron-3-super-120b-a12b-20230311:free,586,252,0.0,2026-05-16T02:21:11.296846+00:00
nvidia/nemotron-3-super-120b-a12b-20230311:free,1067,458,0.0,2026-05-16T02:29:03.536798+00:00
nvidia/nemotron-3-super-120b-a12b-20230311:free,581,249,0.0,2026-05-16T02:29:10.328416+00:00
nvidia/nemotron-3-super-120b-a12b-20230311:free,912,392,0.0,2026-05-16T02:55:57.452490+00:00
nvidia/nemotron-3-super-120b-a12b-20230311:free,872,374,0.0,2026-05-16T03:04:39.207921+00:00
nvidia/nemotron-3-super-120b-a12b-20230311:free,592,254,0.0,2026-05-16T03:05:57.421090+00:00
nvidia/nemotron-3-super-120b-a12b-20230311:free,718,309,0.0,2026-05-16T03:18:14.230591+00:00
nvidia/nemotron-3-super-120b-a12b-20230311:free,865,371,0.0,2026-05-16T03:32:43.234972+00:00
nvidia/nemotron-3-super-120b-a12b-20230311:free,679,291,0.0,2026-05-16T03:32:51.853629+00:00
MiniMax-M2.7-highspeed,133,57,0.000249,2026-05-16T03:34:51.637486+00:00
llama-3.3-70b-versatile,35,16,0.0,2026-05-16T03:36:13.691507+00:00
deepseek-chat,13,6,0.0,2026-05-16T03:36:43.584707+00:00
deepseek-chat,207,89,0.0,2026-05-16T03:37:02.695972+00:00
MiniMax-M2.7-highspeed,522,224,0.001511,2026-05-16T03:37:14.197083+00:00
nvidia/nemotron-3-super-120b-a12b-20230311:free,702,301,0.0,2026-05-16T03:39:31.498500+00:00
llama-3.3-70b-versatile,175,75,0.0,2026-05-16T03:39:32.095577+00:00
nvidia/nemotron-3-super-120b-a12b-20230311:free,724,311,0.0,2026-05-16T03:40:09.740235+00:00
MiniMax-M2.7-highspeed,340,146,0.000605,2026-05-16T03:40:15.045723+00:00
deepseek-chat,344,148,0.0,2026-05-16T03:40:21.380720+00:00
deepseek-chat,336,145,0.0,2026-05-16T03:46:12.826783+00:00
MiniMax-M2.7-highspeed,2700,1158,0.006057,2026-05-16T03:47:30.252958+00:00
nvidia/nemotron-3-super-120b-a12b-20230311:free,914,393,0.0,2026-05-16T03:54:12.479068+00:00
deepseek-chat,218,94,0.0,2026-05-16T03:56:06.096335+00:00
MiniMax-M2.7-highspeed,343,148,0.000874,2026-05-16T03:56:13.825723+00:00
nvidia/nemotron-3-super-120b-a12b-20230311:free,604,259,0.0,2026-05-16T03:57:59.010528+00:00
llama-3.3-70b-versatile,175,76,0.0,2026-05-16T03:57:59.619349+00:00
nvidia/nemotron-3-super-120b-a12b-20230311:free,896,384,0.0,2026-05-16T04:02:04.989440+00:00
nvidia/nemotron-3-super-120b-a12b-20230311:free,469,202,0.0,2026-05-16T04:02:10.274700+00:00
nvidia/nemotron-3-super-120b-a12b-20230311:free,590,253,0.0,2026-05-16T04:14:52.689175+00:00
llama-3.3-70b-versatile,442,190,0.0,2026-05-16T04:14:54.482892+00:00
MiniMax-M2.7-highspeed,1631,700,0.005261,2026-05-16T04:15:33.755359+00:00
MiniMax-M2.7-highspeed,2023,868,0.003263,2026-05-16T04:17:47.417611+00:00
nvidia/nemotron-3-super-120b-a12b-20230311:free,609,261,0.0,2026-05-16T04:22:49.802798+00:00
llama-3.3-70b-versatile,392,169,0.0,2026-05-16T04:22:51.783921+00:00
deepseek-chat,475,204,0.0,2026-05-16T04:23:10.113369+00:00
llama-3.3-70b-versatile,392,168,0.0,2026-05-16T04:28:23.731653+00:00
deepseek-chat,938,403,0.0,2026-05-16T04:28:52.500677+00:00
nvidia/nemotron-3-super-120b-a12b-20230311:free,2714,1164,0.0,2026-05-16T04:29:06.687057+00:00
nvidia/nemotron-3-super-120b-a12b-20230311:free,1093,469,0.0,2026-05-16T04:37:58.569934+00:00
nvidia/nemotron-3-super-120b-a12b-20230311:free,494,213,0.0,2026-05-16T04:38:04.752030+00:00
MiniMax-M2.7-highspeed,1429,613,0.002313,2026-05-16T04:48:00.181933+00:00
nvidia/nemotron-3-super-120b-a12b-20230311:free,868,372,0.0,2026-05-16T04:56:06.892112+00:00
MiniMax-M2.7-highspeed,844,362,0.002661,2026-05-16T04:56:30.014133+00:00
llama-3.3-70b-versatile,484,208,0.0,2026-05-16T05:02:19.950724+00:00
nvidia/nemotron-3-super-120b-a12b-20230311:free,366,157,0.0,2026-05-16T05:02:31.794019+00:00
MiniMax-M2.7-highspeed,805,346,0.002515,2026-05-16T05:02:38.368170+00:00
deepseek-chat,522,225,0.0,2026-05-16T05:02:42.312258+00:00
MiniMax-M2.7-highspeed,1196,513,0.003913,2026-05-16T05:02:45.628166+00:00
MiniMax-M2.7-highspeed,1149,493,0.003731,2026-05-16T05:02:45.934816+00:00
nvidia/nemotron-3-super-120b-a12b-20230311:free,980,421,0.0,2026-05-16T05:04:32.964232+00:00
llama-3.3-70b-versatile,95,41,0.0,2026-05-16T05:07:05.703849+00:00
MiniMax-M2.7-highspeed,1138,489,0.003722,2026-05-16T05:07:32.334934+00:00
llama-3.3-70b-versatile,429,185,0.0,2026-05-16T05:17:49.600758+00:00
MiniMax-M2.7-highspeed,2062,885,0.003263,2026-05-16T05:18:19.456608+00:00
nvidia/nemotron-3-super-120b-a12b-20230311:free,1457,625,0.0,2026-05-16T05:18:46.617208+00:00
deepseek-chat,3,2,0.0,2026-05-16T05:21:16.964531+00:00
deepseek-chat,9,5,0.0,2026-05-16T05:21:28.169722+00:00
deepseek-chat,9,5,0.0,2026-05-16T05:21:44.680508+00:00
deepseek-chat,105,45,0.0,2026-05-16T05:22:16.984721+00:00
deepseek-chat,3,2,0.0,2026-05-16T05:22:48.835864+00:00
MiniMax-M2.7-highspeed,1178,506,0.003804,2026-05-16T05:25:49.306147+00:00
llama-3.3-70b-versatile,167,72,0.0,2026-05-16T05:27:57.190700+00:00
nvidia/nemotron-3-super-120b-a12b-20230311:free,564,242,0.0,2026-05-16T05:28:30.055322+00:00
llama-3.3-70b-versatile,495,213,0.0,2026-05-16T05:28:33.172033+00:00
nvidia/nemotron-3-super-120b-a12b-20230311:free,384,165,0.0,2026-05-16T05:28:49.764676+00:00
llama-3.3-70b-versatile,706,303,0.0,2026-05-16T05:34:10.034963+00:00
MiniMax-M2.7-highspeed,542,233,0.001514,2026-05-16T05:34:20.128956+00:00
nvidia/nemotron-3-super-120b-a12b-20230311:free,390,168,0.0,2026-05-16T05:34:23.529188+00:00
deepseek-chat,800,343,0.0,2026-05-16T05:34:38.402943+00:00
MiniMax-M2.7-highspeed,1561,670,0.005138,2026-05-16T05:34:39.072304+00:00
MiniMax-M2.7-highspeed,1577,677,0.005223,2026-05-16T05:34:43.384729+00:00
deepseek-chat,539,232,0.0,2026-05-16T05:34:59.337406+00:00
nvidia/nemotron-3-super-120b-a12b-20230311:free,1333,572,0.0,2026-05-16T05:44:30.564546+00:00
nvidia/nemotron-3-super-120b-a12b-20230311:free,454,195,0.0,2026-05-16T05:44:40.833944+00:00
MiniMax-M2.7-highspeed,1937,831,0.003102,2026-05-16T05:48:35.846519+00:00
nvidia/nemotron-3-super-120b-a12b-20230311:free,649,279,0.0,2026-05-16T05:52:16.611146+00:00
nvidia/nemotron-3-super-120b-a12b-20230311:free,433,186,0.0,2026-05-16T05:52:27.014090+00:00
deepseek-chat,203,87,0.0,2026-05-16T05:52:29.751238+00:00
MiniMax-M2.7-highspeed,3292,1411,0.011351,2026-05-16T05:59:10.355836+00:00
nvidia/nemotron-3-super-120b-a12b-20230311:free,721,310,0.0,2026-05-16T06:00:17.309013+00:00
llama-3.3-70b-versatile,167,72,0.0,2026-05-16T06:00:18.136638+00:00
llama-3.3-70b-versatile,534,229,0.0,2026-05-16T06:00:56.972274+00:00
MiniMax-M2.7-highspeed,707,304,0.002208,2026-05-16T06:01:09.527508+00:00
MiniMax-M2.7-highspeed,884,379,0.002855,2026-05-16T06:01:13.816319+00:00
deepseek-chat,475,204,0.0,2026-05-16T06:01:14.261372+00:00
MiniMax-M2.7-highspeed,854,367,0.002693,2026-05-16T06:01:18.735130+00:00
nvidia/nemotron-3-super-120b-a12b-20230311:free,602,259,0.0,2026-05-16T06:08:40.128308+00:00
llama-3.3-70b-versatile,232,100,0.0,2026-05-16T06:08:41.696432+00:00
MiniMax-M2.7-highspeed,550,236,0.001613,2026-05-16T06:08:55.525993+00:00
deepseek-chat,434,187,0.0,2026-05-16T06:08:57.933143+00:00
MiniMax-M2.7-highspeed,694,298,0.002112,2026-05-16T06:08:58.566097+00:00
MiniMax-M2.7-highspeed,1581,678,0.005225,2026-05-16T06:09:18.232086+00:00
MiniMax-M2.7-highspeed,1948,835,0.003706,2026-05-16T06:18:59.883880+00:00
nvidia/nemotron-3-super-120b-a12b-20230311:free,668,287,0.0,2026-05-16T06:23:16.719312+00:00
llama-3.3-70b-versatile,224,97,0.0,2026-05-16T06:23:18.518674+00:00
deepseek-chat,503,216,0.0,2026-05-16T06:23:38.370205+00:00
MiniMax-M2.7-highspeed,1281,550,0.004209,2026-05-16T06:23:46.020503+00:00
MiniMax-M2.7-highspeed,1428,612,0.004752,2026-05-16T06:23:49.041700+00:00
MiniMax-M2.7-highspeed,1538,660,0.005195,2026-05-16T06:23:54.506840+00:00
llama-3.3-70b-versatile,406,175,0.0,2026-05-16T06:28:13.615506+00:00
deepseek-chat,870,373,0.0,2026-05-16T06:28:48.630992+00:00
nvidia/nemotron-3-super-120b-a12b-20230311:free,1561,670,0.0,2026-05-16T06:29:00.170444+00:00
MiniMax-M2.7-highspeed,702,301,0.002154,2026-05-16T06:30:36.717846+00:00
llama-3.3-70b-versatile,167,72,0.0,2026-05-16T06:33:28.926966+00:00
nvidia/nemotron-3-super-120b-a12b-20230311:free,560,240,0.0,2026-05-16T06:36:50.454591+00:00
llama-3.3-70b-versatile,227,98,0.0,2026-05-16T06:36:51.915732+00:00
MiniMax-M2.7-highspeed,510,219,0.001367,2026-05-16T06:37:04.764767+00:00
deepseek-chat,658,282,0.0,2026-05-16T06:37:18.579789+00:00
MiniMax-M2.7-highspeed,161,70,0.000352,2026-05-16T06:38:26.787938+00:00
MiniMax-M2.7-highspeed,762,327,0.001733,2026-05-16T06:42:11.645607+00:00
MiniMax-M2.7-highspeed,2401,1029,0.007571,2026-05-16T06:43:02.148386+00:00
MiniMax-M2.7-highspeed,1270,545,0.00351,2026-05-16T06:43:34.114698+00:00
nvidia/nemotron-3-super-120b-a12b-20230311:free,592,255,0.0,2026-05-16T06:44:15.656676+00:00
llama-3.3-70b-versatile,506,218,0.0,2026-05-16T06:44:18.672613+00:00
MiniMax-M2.7-highspeed,358,154,0.0009,2026-05-16T06:44:22.857814+00:00
MiniMax-M2.7-highspeed,3721,1595,0.012258,2026-05-16T06:44:27.622750+00:00
deepseek-chat,165,72,0.0,2026-05-16T06:44:33.695731+00:00
MiniMax-M2.7-highspeed,1421,610,0.002748,2026-05-16T06:44:43.858161+00:00
MiniMax-M2.7-highspeed,1578,677,0.005223,2026-05-16T06:44:54.746480+00:00
MiniMax-M2.7-highspeed,1316,564,0.002356,2026-05-16T06:44:56.460959+00:00
MiniMax-M2.7-highspeed,1561,669,0.005211,2026-05-16T06:44:56.494847+00:00
MiniMax-M2.7-highspeed,2431,1043,0.006317,2026-05-16T06:45:50.503819+00:00
MiniMax-M2.7-highspeed,1327,569,0.002368,2026-05-16T06:46:05.046053+00:00
MiniMax-M2.7-highspeed,1269,545,0.001705,2026-05-16T06:46:14.941951+00:00
MiniMax-M2.7-highspeed,1397,600,0.002149,2026-05-16T06:46:29.170947+00:00
MiniMax-M2.7-highspeed,2185,937,0.004937,2026-05-16T06:47:09.393194+00:00
MiniMax-M2.7-highspeed,1281,549,0.001703,2026-05-16T06:47:19.726932+00:00
MiniMax-M2.7-highspeed,1524,654,0.002573,2026-05-16T06:47:34.294200+00:00
MiniMax-M2.7-highspeed,1558,668,0.002679,2026-05-16T06:47:48.730505+00:00
MiniMax-M2.7-highspeed,2390,1025,0.005627,2026-05-16T06:48:30.357724+00:00
MiniMax-M2.7-highspeed,1262,541,0.001593,2026-05-16T06:48:38.909587+00:00
MiniMax-M2.7-highspeed,1420,609,0.00209,2026-05-16T06:48:48.962117+00:00
MiniMax-M2.7-highspeed,1657,711,0.002924,2026-05-16T06:49:05.082246+00:00
MiniMax-M2.7-highspeed,1955,838,0.003044,2026-05-16T06:49:15.177252+00:00
MiniMax-M2.7-highspeed,2327,998,0.005293,2026-05-16T06:49:45.578532+00:00
MiniMax-M2.7-highspeed,1689,725,0.003011,2026-05-16T06:50:04.682334+00:00
MiniMax-M2.7-highspeed,1499,643,0.002453,2026-05-16T06:50:18.346934+00:00
MiniMax-M2.7-highspeed,1291,554,0.001697,2026-05-16T06:50:28.480213+00:00
MiniMax-M2.7-highspeed,2072,889,0.004462,2026-05-16T06:50:55.234487+00:00
MiniMax-M2.7-highspeed,1497,642,0.002403,2026-05-16T06:51:08.786309+00:00
MiniMax-M2.7-highspeed,1625,697,0.002533,2026-05-16T06:51:24.981303+00:00
MiniMax-M2.7-highspeed,1741,747,0.002934,2026-05-16T06:51:40.472755+00:00
MiniMax-M2.7-highspeed,2179,935,0.004475,2026-05-16T06:52:09.667219+00:00
MiniMax-M2.7-highspeed,1780,763,0.003044,2026-05-16T06:52:27.906277+00:00
MiniMax-M2.7-highspeed,984,423,0.001839,2026-05-16T06:52:41.548314+00:00
MiniMax-M2.7-highspeed,1029,441,0.001983,2026-05-16T06:52:52.694688+00:00
nvidia/nemotron-3-super-120b-a12b-20230311:free,1063,456,0.0,2026-05-16T06:53:09.912871+00:00
MiniMax-M2.7-highspeed,2650,1136,0.007749,2026-05-16T06:53:34.613822+00:00
MiniMax-M2.7-highspeed,1005,432,0.001873,2026-05-16T06:53:44.404601+00:00
MiniMax-M2.7-highspeed,725,311,0.00143,2026-05-16T06:53:53.006263+00:00
MiniMax-M2.7-highspeed,763,327,0.001551,2026-05-16T06:54:02.608760+00:00
llama-3.3-70b-versatile,554,238,0.0,2026-05-16T06:54:22.628071+00:00
deepseek-chat,264,114,0.0,2026-05-16T06:54:28.225330+00:00
MiniMax-M2.7-highspeed,678,291,0.001991,2026-05-16T06:54:34.774177+00:00
MiniMax-M2.7-highspeed,1714,735,0.004925,2026-05-16T06:54:39.357716+00:00
deepseek-chat,346,149,0.0,2026-05-16T06:54:40.726593+00:00
MiniMax-M2.7-highspeed,1295,556,0.004155,2026-05-16T06:54:46.046190+00:00
MiniMax-M2.7-highspeed,1425,612,0.00467,2026-05-16T06:54:47.083834+00:00
MiniMax-M2.7-highspeed,989,425,0.002333,2026-05-16T06:54:54.168816+00:00
nvidia/nemotron-3-super-120b-a12b-20230311:free,1444,619,0.0,2026-05-16T06:54:57.188061+00:00
deepseek-chat,9,4,0.0,2026-05-16T06:56:59.335510+00:00
MiniMax-M2.7-highspeed,1790,768,0.005987,2026-05-16T07:04:17.527616+00:00
nvidia/nemotron-3-super-120b-a12b-20230311:free,701,301,0.0,2026-05-16T07:05:34.656696+00:00
nvidia/nemotron-3-super-120b-a12b-20230311:free,879,377,0.0,2026-05-16T07:05:34.767893+00:00
llama-3.3-70b-versatile,167,72,0.0,2026-05-16T07:05:35.509971+00:00
llama-3.3-70b-versatile,538,231,0.0,2026-05-16T07:05:38.144957+00:00
deepseek-chat,390,168,0.0,2026-05-16T07:05:50.148586+00:00
MiniMax-M2.7-highspeed,640,275,0.001881,2026-05-16T07:05:51.455739+00:00
MiniMax-M2.7-highspeed,672,288,0.002014,2026-05-16T07:05:53.489866+00:00
MiniMax-M2.7-highspeed,1117,480,0.003531,2026-05-16T07:06:08.126019+00:00
deepseek-chat,794,341,0.0,2026-05-16T07:06:21.002804+00:00
deepseek-chat,3,2,0.0,2026-05-16T07:14:37.252234+00:00
deepseek-chat,14,6,0.0,2026-05-16T07:16:02.615929+00:00
nvidia/nemotron-3-super-120b-a12b-20230311:free,549,236,0.0,2026-05-16T07:17:17.729359+00:00
llama-3.3-70b-versatile,247,106,0.0,2026-05-16T07:17:19.558903+00:00
deepseek-chat,688,295,0.0,2026-05-16T07:17:24.693985+00:00
MiniMax-M2.7-highspeed,590,254,0.00174,2026-05-16T07:17:35.118102+00:00
deepseek-chat,429,184,0.0,2026-05-16T07:17:42.089350+00:00
deepseek-chat,224,97,0.0,2026-05-16T07:17:50.587488+00:00
MiniMax-M2.7-highspeed,1569,673,0.005217,2026-05-16T07:17:53.488907+00:00
deepseek-chat,102,45,0.0,2026-05-16T07:17:54.315851+00:00
MiniMax-M2.7-highspeed,1573,675,0.00522,2026-05-16T07:17:58.425395+00:00
deepseek-chat,655,281,0.0,2026-05-16T07:18:28.084152+00:00
llama-3.3-70b-versatile,176,76,0.0,2026-05-16T07:19:26.152568+00:00
MiniMax-M2.7-highspeed,1687,723,0.002659,2026-05-16T07:19:30.264517+00:00
MiniMax-M2.7-highspeed,1589,681,0.005231,2026-05-16T07:19:55.687562+00:00
deepseek-chat,882,378,0.0,2026-05-16T07:20:02.472719+00:00
deepseek-chat,285,123,0.0,2026-05-16T07:20:16.982987+00:00
deepseek-chat,513,220,0.0,2026-05-16T07:20:41.346128+00:00
deepseek-chat,454,195,0.0,2026-05-16T07:21:03.900786+00:00
deepseek-chat,135,59,0.0,2026-05-16T07:21:15.077530+00:00
llama-3.3-70b-versatile,264,114,0.0,2026-05-16T07:21:25.789749+00:00
deepseek-chat,158,68,0.0,2026-05-16T07:21:30.767149+00:00
MiniMax-M2.7-highspeed,905,389,0.002849,2026-05-16T07:21:50.160384+00:00
deepseek-chat,485,209,0.0,2026-05-16T07:21:50.434355+00:00
MiniMax-M2.7-highspeed,1570,674,0.005218,2026-05-16T07:22:04.498562+00:00
deepseek-chat,416,179,0.0,2026-05-16T07:26:16.086603+00:00
deepseek-chat,211,91,0.0,2026-05-16T07:26:25.815551+00:00
deepseek-chat,1020,438,0.0,2026-05-16T07:27:09.732473+00:00
deepseek-chat,475,204,0.0,2026-05-16T07:27:31.544495+00:00
nvidia/nemotron-3-super-120b-a12b-20230311:free,640,275,0.0,2026-05-16T07:30:06.145670+00:00
llama-3.3-70b-versatile,378,163,0.0,2026-05-16T07:30:08.609141+00:00
deepseek-chat,278,120,0.0,2026-05-16T07:30:14.762590+00:00
deepseek-chat,203,88,0.0,2026-05-16T07:30:19.916782+00:00
MiniMax-M2.7-highspeed,578,249,0.001703,2026-05-16T07:30:20.642972+00:00
nvidia/nemotron-3-super-120b-a12b-20230311:free,938,403,0.0,2026-05-16T07:30:41.034840+00:00
MiniMax-M2.7-highspeed,1576,676,0.005222,2026-05-16T07:30:50.389107+00:00
MiniMax-M2.7-highspeed,2046,877,0.006899,2026-05-16T07:36:30.429815+00:00
nvidia/nemotron-3-super-120b-a12b-20230311:free,696,299,0.0,2026-05-16T07:38:00.431216+00:00
llama-3.3-70b-versatile,187,81,0.0,2026-05-16T07:38:01.597960+00:00
MiniMax-M2.7-highspeed,479,206,0.001305,2026-05-16T07:38:12.414190+00:00
deepseek-chat,816,351,0.0,2026-05-16T07:38:33.303029+00:00
nvidia/nemotron-3-super-120b-a12b-20230311:free,912,392,0.0,2026-05-16T07:39:23.092112+00:00
llama-3.3-70b-versatile,167,72,0.0,2026-05-16T07:39:23.659902+00:00
deepseek-chat,811,348,0.0,2026-05-16T07:39:39.818318+00:00
nvidia/nemotron-3-super-120b-a12b-20230311:free,652,280,0.0,2026-05-16T07:46:04.713344+00:00
llama-3.3-70b-versatile,191,83,0.0,2026-05-16T07:46:05.398346+00:00
deepseek-chat,289,125,0.0,2026-05-16T07:46:13.304017+00:00
deepseek-chat,342,147,0.0,2026-05-16T07:48:00.601205+00:00
deepseek-chat,191,83,0.0,2026-05-16T07:48:09.908611+00:00
llama-3.3-70b-versatile,273,117,0.0,2026-05-16T07:48:35.250411+00:00
MiniMax-M2.7-highspeed,581,250,0.001678,2026-05-16T07:48:47.504251+00:00
nvidia/nemotron-3-super-120b-a12b-20230311:free,555,239,0.0,2026-05-16T07:49:04.726806+00:00
deepseek-chat,838,360,0.0,2026-05-16T07:49:05.070735+00:00
MiniMax-M2.7-highspeed,1849,793,0.002857,2026-05-16T07:49:46.620415+00:00
nvidia/nemotron-3-super-120b-a12b-20230311:free,772,331,0.0,2026-05-16T08:04:49.545782+00:00
nvidia/nemotron-3-super-120b-a12b-20230311:free,328,141,0.0,2026-05-16T08:05:03.503469+00:00
deepseek-chat,620,266,0.0,2026-05-16T08:05:16.314709+00:00
MiniMax-M2.7-highspeed,802,345,0.002462,2026-05-16T08:09:38.415768+00:00
nvidia/nemotron-3-super-120b-a12b-20230311:free,913,392,0.0,2026-05-16T08:12:38.759064+00:00
llama-3.3-70b-versatile,167,72,0.0,2026-05-16T08:12:39.335114+00:00
nvidia/nemotron-3-super-120b-a12b-20230311:free,582,250,0.0,2026-05-16T08:13:03.363344+00:00
llama-3.3-70b-versatile,510,219,0.0,2026-05-16T08:13:05.644704+00:00
nvidia/nemotron-3-super-120b-a12b-20230311:free,165,71,0.0,2026-05-16T08:13:06.441739+00:00
deepseek-chat,238,103,0.0,2026-05-16T08:13:44.657638+00:00
deepseek-chat,216,93,0.0,2026-05-16T08:13:54.695762+00:00
deepseek-chat,221,96,0.0,2026-05-16T08:14:05.145557+00:00
deepseek-chat,86,38,0.0,2026-05-16T08:14:11.093242+00:00
MiniMax-M2.7-highspeed,2084,894,0.004081,2026-05-16T08:20:16.724841+00:00
nvidia/nemotron-3-super-120b-a12b-20230311:free,1019,437,0.0,2026-05-16T08:25:37.156816+00:00
nvidia/nemotron-3-super-120b-a12b-20230311:free,585,251,0.0,2026-05-16T08:25:50.091895+00:00
nvidia/nemotron-3-super-120b-a12b-20230311:free,937,402,0.0,2026-05-16T08:33:43.484311+00:00
nvidia/nemotron-3-super-120b-a12b-20230311:free,503,217,0.0,2026-05-16T08:33:58.694579+00:00
deepseek-chat,95,41,0.0,2026-05-16T08:39:41.186855+00:00
deepseek-chat,266,115,0.0,2026-05-16T08:39:53.690535+00:00
deepseek-chat,139,60,0.0,2026-05-16T08:40:01.260314+00:00
nvidia/nemotron-3-super-120b-a12b-20230311:free,1041,447,0.0,2026-05-16T08:40:28.442346+00:00
MiniMax-M2.7-highspeed,637,274,0.001953,2026-05-16T08:41:55.802442+00:00
llama-3.3-70b-versatile,720,309,0.0,2026-05-16T08:42:25.668481+00:00
MiniMax-M2.7-highspeed,1099,471,0.003519,2026-05-16T08:43:02.462628+00:00
nvidia/nemotron-3-super-120b-a12b-20230311:free,913,392,0.0,2026-05-16T08:44:21.779182+00:00
llama-3.3-70b-versatile,167,72,0.0,2026-05-16T08:44:22.384706+00:00
nvidia/nemotron-3-super-120b-a12b-20230311:free,561,241,0.0,2026-05-16T08:46:57.635406+00:00
llama-3.3-70b-versatile,743,319,0.0,2026-05-16T08:47:00.603874+00:00
deepseek-chat,609,262,0.0,2026-05-16T08:47:21.871494+00:00
MiniMax-M2.7-highspeed,1128,484,0.003502,2026-05-16T08:47:28.667772+00:00
deepseek-chat,783,336,0.0,2026-05-16T08:47:56.265789+00:00
MiniMax-M2.7-highspeed,2466,1058,0.003712,2026-05-16T08:50:36.917711+00:00
llama-3.3-70b-versatile,772,332,0.0,2026-05-16T08:52:47.834202+00:00
nvidia/nemotron-3-super-120b-a12b-20230311:free,707,303,0.0,2026-05-16T08:58:07.895104+00:00
llama-3.3-70b-versatile,92,40,0.0,2026-05-16T08:58:08.800456+00:00
deepseek-chat,217,93,0.0,2026-05-16T08:58:17.542659+00:00
deepseek-chat,541,233,0.0,2026-05-16T08:58:37.649583+00:00
MiniMax-M2.7-highspeed,480,207,0.000891,2026-05-16T09:03:11.102388+00:00
nvidia/nemotron-3-super-120b-a12b-20230311:free,1054,453,0.0,2026-05-16T09:10:09.114614+00:00
deepseek-chat,559,240,0.0,2026-05-16T09:11:14.554368+00:00
deepseek-chat,204,88,0.0,2026-05-16T09:11:24.449911+00:00
deepseek-chat,248,107,0.0,2026-05-16T09:11:35.739637+00:00
MiniMax-M2.7-highspeed,470,202,0.000874,2026-05-16T09:13:37.604267+00:00
MiniMax-M2.7-highspeed,754,324,0.002341,2026-05-16T09:14:42.125567+00:00
nvidia/nemotron-3-super-120b-a12b-20230311:free,562,241,0.0,2026-05-16T09:15:15.639908+00:00
llama-3.3-70b-versatile,427,184,0.0,2026-05-16T09:15:17.547108+00:00
deepseek-chat,203,87,0.0,2026-05-16T09:15:22.592716+00:00
MiniMax-M2.7-highspeed,967,415,0.003029,2026-05-16T09:15:44.067010+00:00
nvidia/nemotron-3-super-120b-a12b-20230311:free,515,221,0.0,2026-05-16T09:15:47.042731+00:00
llama-3.3-70b-versatile,602,259,0.0,2026-05-16T09:17:44.781758+00:00
nvidia/nemotron-3-super-120b-a12b-20230311:free,839,360,0.0,2026-05-16T09:17:55.702232+00:00
llama-3.3-70b-versatile,177,76,0.0,2026-05-16T09:17:56.267680+00:00
MiniMax-M2.7-highspeed,1579,677,0.002596,2026-05-16T09:20:52.901703+00:00
nvidia/nemotron-3-super-120b-a12b-20230311:free,1054,453,0.0,2026-05-16T09:23:39.350599+00:00
MiniMax-M2.7-highspeed,413,178,0.000742,2026-05-16T09:24:05.152263+00:00
MiniMax-M2.7-highspeed,683,293,0.001394,2026-05-16T09:30:33.372946+00:00
nvidia/nemotron-3-super-120b-a12b-20230311:free,618,265,0.0,2026-05-16T09:31:12.625457+00:00
MiniMax-M2.7-highspeed,555,239,0.001207,2026-05-16T09:36:46.385119+00:00
nvidia/nemotron-3-super-120b-a12b-20230311:free,665,285,0.0,2026-05-16T09:37:37.569401+00:00
llama-3.3-70b-versatile,449,193,0.0,2026-05-16T09:37:40.575012+00:00
MiniMax-M2.7-highspeed,1544,663,0.005199,2026-05-16T09:38:21.267139+00:00
MiniMax-M2.7-highspeed,397,171,0.000718,2026-05-16T09:44:51.014825+00:00
MiniMax-M2.7-highspeed,730,314,0.002256,2026-05-16T09:48:13.870696+00:00
nvidia/nemotron-3-super-120b-a12b-20230311:free,806,346,0.0,2026-05-16T09:49:36.120803+00:00
llama-3.3-70b-versatile,175,76,0.0,2026-05-16T09:49:36.640075+00:00
MiniMax-M2.7-highspeed,1836,787,0.002829,2026-05-16T09:51:08.456710+00:00
nvidia/nemotron-3-super-120b-a12b-20230311:free,590,253,0.0,2026-05-16T09:51:33.064858+00:00
llama-3.3-70b-versatile,289,125,0.0,2026-05-16T09:51:34.726826+00:00
deepseek-chat,253,109,0.0,2026-05-16T09:51:42.440394+00:00
MiniMax-M2.7-highspeed,494,213,0.001199,2026-05-16T09:51:43.002624+00:00
llama-3.3-70b-versatile,550,236,0.0,2026-05-16T09:55:21.229852+00:00
nvidia/nemotron-3-super-120b-a12b-20230311:free,572,246,0.0,2026-05-16T09:59:40.160813+00:00
MiniMax-M2.7-highspeed,656,282,0.001859,2026-05-16T09:59:56.478378+00:00
deepseek-chat,538,231,0.0,2026-05-16T09:59:58.953151+00:00
deepseek-chat,801,344,0.0,2026-05-16T10:00:29.721084+00:00
deepseek-chat,366,158,0.0,2026-05-16T10:00:40.406922+00:00
llama-3.3-70b-versatile,528,227,0.0,2026-05-16T10:02:36.018347+00:00
deepseek-chat,198,86,0.0,2026-05-16T10:02:39.804407+00:00
MiniMax-M2.7-highspeed,556,239,0.001615,2026-05-16T10:02:46.782335+00:00
MiniMax-M2.7-highspeed,631,271,0.001863,2026-05-16T10:02:51.096656+00:00
MiniMax-M2.7-highspeed,1570,673,0.005217,2026-05-16T10:03:09.427564+00:00
MiniMax-M2.7-highspeed,1568,672,0.005216,2026-05-16T10:03:16.781535+00:00
MiniMax-M2.7-highspeed,1572,674,0.005219,2026-05-16T10:03:17.808621+00:00
llama-3.3-70b-versatile,746,320,0.0,2026-05-16T10:04:08.951610+00:00
nvidia/nemotron-3-super-120b-a12b-20230311:free,703,302,0.0,2026-05-16T10:12:50.496766+00:00
llama-3.3-70b-versatile,512,220,0.0,2026-05-16T10:12:54.491933+00:00
MiniMax-M2.7-highspeed,425,183,0.001122,2026-05-16T10:12:59.839081+00:00
deepseek-chat,420,180,0.0,2026-05-16T10:13:06.108512+00:00
MiniMax-M2.7-highspeed,1248,536,0.004016,2026-05-16T10:13:21.180998+00:00
MiniMax-M2.7-highspeed,1595,684,0.005235,2026-05-16T10:13:32.626392+00:00
deepseek-chat,693,298,0.0,2026-05-16T10:13:33.225468+00:00
llama-3.3-70b-versatile,539,232,0.0,2026-05-16T10:14:51.413991+00:00
MiniMax-M2.7-highspeed,900,386,0.002807,2026-05-16T10:19:56.923900+00:00
MiniMax-M2.7-highspeed,1181,507,0.001864,2026-05-16T10:21:19.757899+00:00
llama-3.3-70b-versatile,176,76,0.0,2026-05-16T10:21:39.403070+00:00
MiniMax-M2.7-highspeed,435,187,0.000827,2026-05-16T10:25:21.240291+00:00
deepseek-chat,263,114,0.0,2026-05-16T10:28:19.394393+00:00
deepseek-chat,146,63,0.0,2026-05-16T10:28:27.136123+00:00
nvidia/nemotron-3-super-120b-a12b-20230311:free,963,414,0.0,2026-05-16T10:29:11.765875+00:00
nvidia/nemotron-3-super-120b-a12b-20230311:free,758,325,0.0,2026-05-16T10:30:55.224052+00:00
MiniMax-M2.7-highspeed,401,172,0.000692,2026-05-16T10:36:03.553170+00:00
nvidia/nemotron-3-super-120b-a12b-20230311:free,699,300,0.0,2026-05-16T10:42:16.975431+00:00
MiniMax-M2.7-highspeed,455,196,0.000896,2026-05-16T10:42:19.463857+00:00
MiniMax-M2.7-highspeed,545,234,0.001588,2026-05-16T10:42:31.381917+00:00
nvidia/nemotron-3-super-120b-a12b-20230311:free,905,388,0.0,2026-05-16T10:42:48.957484+00:00
deepseek-chat,770,330,0.0,2026-05-16T10:42:58.970402+00:00
MiniMax-M2.7-highspeed,1903,816,0.003795,2026-05-16T10:51:47.200589+00:00
MiniMax-M2.7-highspeed,1009,433,0.003197,2026-05-16T10:51:59.923835+00:00
nvidia/nemotron-3-super-120b-a12b-20230311:free,994,427,0.0,2026-05-16T10:53:54.750264+00:00
nvidia/nemotron-3-super-120b-a12b-20230311:free,714,306,0.0,2026-05-16T10:54:13.544258+00:00
llama-3.3-70b-versatile,167,72,0.0,2026-05-16T10:55:22.106589+00:00
MiniMax-M2.7-highspeed,546,234,0.001138,2026-05-16T10:57:22.791771+00:00
nvidia/nemotron-3-super-120b-a12b-20230311:free,892,383,0.0,2026-05-16T11:05:40.953705+00:00
llama-3.3-70b-versatile,103,45,0.0,2026-05-16T11:05:41.964005+00:00
nvidia/nemotron-3-super-120b-a12b-20230311:free,532,228,0.0,2026-05-16T11:06:02.427049+00:00
MiniMax-M2.7-highspeed,996,427,0.00318,2026-05-16T11:06:08.105729+00:00
llama-3.3-70b-versatile,540,232,0.0,2026-05-16T11:07:51.422552+00:00
nvidia/nemotron-3-super-120b-a12b-20230311:free,811,348,0.0,2026-05-16T11:13:49.321030+00:00
llama-3.3-70b-versatile,487,209,0.0,2026-05-16T11:13:52.562350+00:00
deepseek-chat,767,330,0.0,2026-05-16T11:14:50.168463+00:00
deepseek-chat,734,315,0.0,2026-05-16T11:16:31.097532+00:00
MiniMax-M2.7-highspeed,429,185,0.000671,2026-05-16T11:18:18.412703+00:00
MiniMax-M2.7-highspeed,1422,610,0.002568,2026-05-16T11:22:02.685715+00:00
llama-3.3-70b-versatile,373,160,0.0,2026-05-16T11:23:20.146272+00:00
MiniMax-M2.7-highspeed,762,327,0.002384,2026-05-16T11:23:37.628253+00:00
nvidia/nemotron-3-super-120b-a12b-20230311:free,314,135,0.0,2026-05-16T11:23:38.625358+00:00
MiniMax-M2.7-highspeed,971,417,0.003116,2026-05-16T11:23:43.511112+00:00
MiniMax-M2.7-highspeed,942,405,0.003002,2026-05-16T11:23:43.514937+00:00
deepseek-chat,764,328,0.0,2026-05-16T11:23:49.174644+00:00
nvidia/nemotron-3-super-120b-a12b-20230311:free,591,254,0.0,2026-05-16T11:24:08.557383+00:00
llama-3.3-70b-versatile,470,202,0.0,2026-05-16T11:24:11.097205+00:00
nvidia/nemotron-3-super-120b-a12b-20230311:free,429,184,0.0,2026-05-16T11:24:24.451937+00:00
MiniMax-M2.7-highspeed,620,266,0.001841,2026-05-16T11:24:24.608745+00:00
MiniMax-M2.7-highspeed,1323,567,0.004319,2026-05-16T11:25:50.481976+00:00
MiniMax-M2.7-highspeed,382,165,0.000652,2026-05-16T11:28:41.865332+00:00
nvidia/nemotron-3-super-120b-a12b-20230311:free,835,358,0.0,2026-05-16T11:29:07.773561+00:00
llama-3.3-70b-versatile,167,72,0.0,2026-05-16T11:29:08.309119+00:00
nvidia/nemotron-3-super-120b-a12b-20230311:free,727,312,0.0,2026-05-16T11:31:27.791977+00:00
llama-3.3-70b-versatile,554,238,0.0,2026-05-16T11:31:30.370763+00:00
nvidia/nemotron-3-super-120b-a12b-20230311:free,378,163,0.0,2026-05-16T11:31:34.608974+00:00
MiniMax-M2.7-highspeed,798,342,0.002282,2026-05-16T11:31:41.497426+00:00
MiniMax-M2.7-highspeed,816,351,0.002368,2026-05-16T11:31:44.398267+00:00
deepseek-chat,611,262,0.0,2026-05-16T11:31:50.238612+00:00
deepseek-chat,862,370,0.0,2026-05-16T11:32:21.008146+00:00
nvidia/nemotron-3-super-120b-a12b-20230311:free,684,294,0.0,2026-05-16T11:38:56.413613+00:00
llama-3.3-70b-versatile,904,388,0.0,2026-05-16T11:39:04.582341+00:00
nvidia/nemotron-3-super-120b-a12b-20230311:free,604,260,0.0,2026-05-16T11:45:49.527264+00:00
nvidia/nemotron-3-super-120b-a12b-20230311:free,1055,453,0.0,2026-05-16T11:52:00.828655+00:00
MiniMax-M2.7-highspeed,1518,651,0.002584,2026-05-16T11:52:19.104398+00:00
MiniMax-M2.7-highspeed,1588,681,0.005267,2026-05-16T11:59:39.498723+00:00
nvidia/nemotron-3-super-120b-a12b-20230311:free,570,245,0.0,2026-05-16T12:02:06.005971+00:00
llama-3.3-70b-versatile,168,73,0.0,2026-05-16T12:02:07.145702+00:00
deepseek-chat,161,69,0.0,2026-05-16T12:02:12.561518+00:00
nvidia/nemotron-3-super-120b-a12b-20230311:free,912,392,0.0,2026-05-16T12:02:57.812040+00:00
llama-3.3-70b-versatile,175,76,0.0,2026-05-16T12:02:58.301881+00:00
llama-3.3-70b-versatile,233,101,0.0,2026-05-16T12:10:05.276025+00:00
deepseek-chat,372,160,0.0,2026-05-16T12:10:18.318559+00:00
MiniMax-M2.7-highspeed,685,294,0.00204,2026-05-16T12:10:23.433215+00:00
MiniMax-M2.7-highspeed,721,310,0.002227,2026-05-16T12:10:23.945390+00:00
MiniMax-M2.7-highspeed,251,108,0.00058,2026-05-16T12:18:11.353475+00:00
nvidia/nemotron-3-super-120b-a12b-20230311:free,519,223,0.0,2026-05-16T12:18:27.371094+00:00
MiniMax-M2.7-highspeed,895,384,0.002876,2026-05-16T12:18:31.671051+00:00
deepseek-chat,718,309,0.0,2026-05-16T12:18:33.584559+00:00
MiniMax-M2.7-highspeed,1475,633,0.004972,2026-05-16T12:18:38.631242+00:00
deepseek-chat,765,329,0.0,2026-05-16T12:19:04.455804+00:00
MiniMax-M2.7-highspeed,2137,916,0.003881,2026-05-16T12:22:45.077091+00:00
llama-3.3-70b-versatile,577,248,0.0,2026-05-16T12:25:42.375061+00:00
llama-3.3-70b-versatile,501,215,0.0,2026-05-16T12:30:26.696887+00:00
deepseek-chat,172,75,0.0,2026-05-16T12:33:04.847325+00:00
MiniMax-M2.7-highspeed,971,417,0.003116,2026-05-16T12:33:24.761690+00:00
nvidia/nemotron-3-super-120b-a12b-20230311:free,912,392,0.0,2026-05-16T12:34:53.809661+00:00
llama-3.3-70b-versatile,175,76,0.0,2026-05-16T12:34:54.418606+00:00
llama-3.3-70b-versatile,652,280,0.0,2026-05-16T12:37:57.686507+00:00
nvidia/nemotron-3-super-120b-a12b-20230311:free,965,414,0.0,2026-05-16T12:42:53.887055+00:00
nvidia/nemotron-3-super-120b-a12b-20230311:free,511,220,0.0,2026-05-16T12:43:13.415381+00:00
MiniMax-M2.7-highspeed,478,206,0.000884,2026-05-16T12:51:04.102622+00:00
MiniMax-M2.7-highspeed,1875,805,0.003502,2026-05-16T12:53:08.154787+00:00
nvidia/nemotron-3-super-120b-a12b-20230311:free,597,256,0.0,2026-05-16T12:54:57.596447+00:00
deepseek-chat,203,88,0.0,2026-05-16T12:55:04.221399+00:00
MiniMax-M2.7-highspeed,516,222,0.001039,2026-05-16T12:59:07.506827+00:00
deepseek-chat,198,85,0.0,2026-05-16T13:05:02.512226+00:00
MiniMax-M2.7-highspeed,1092,469,0.003494,2026-05-16T13:05:27.738386+00:00
nvidia/nemotron-3-super-120b-a12b-20230311:free,923,396,0.0,2026-05-16T13:06:13.943868+00:00
nvidia/nemotron-3-super-120b-a12b-20230311:free,721,309,0.0,2026-05-16T13:06:26.255617+00:00
nvidia/nemotron-3-super-120b-a12b-20230311:free,912,392,0.0,2026-05-16T13:07:52.899939+00:00
llama-3.3-70b-versatile,175,76,0.0,2026-05-16T13:07:53.387412+00:00
MiniMax-M2.7-highspeed,358,154,0.000544,2026-05-16T13:11:20.963929+00:00
llama-3.3-70b-versatile,326,141,0.0,2026-05-16T13:12:39.589993+00:00
deepseek-chat,220,95,0.0,2026-05-16T13:12:46.388618+00:00
deepseek-chat,392,168,0.0,2026-05-16T13:13:00.998338+00:00
MiniMax-M2.7-highspeed,970,416,0.003117,2026-05-16T13:13:02.232660+00:00
MiniMax-M2.7-highspeed,1100,472,0.003582,2026-05-16T13:13:04.862598+00:00
nvidia/nemotron-3-super-120b-a12b-20230311:free,1256,539,0.0,2026-05-16T13:13:08.901622+00:00
MiniMax-M2.7-highspeed,1544,662,0.005199,2026-05-16T13:13:12.587606+00:00
nvidia/nemotron-3-super-120b-a12b-20230311:free,655,282,0.0,2026-05-16T13:13:26.513485+00:00
MiniMax-M2.7-highspeed,1250,536,0.003991,2026-05-16T13:13:57.794992+00:00
deepseek-chat,504,217,0.0,2026-05-16T13:14:03.492393+00:00
deepseek-chat,508,218,0.0,2026-05-16T13:14:51.989857+00:00
deepseek-chat,93,40,0.0,2026-05-16T13:18:57.178162+00:00
deepseek-chat,441,190,0.0,2026-05-16T13:19:16.916144+00:00
MiniMax-M2.7-highspeed,544,234,0.001167,2026-05-16T13:20:07.192049+00:00
nvidia/nemotron-3-super-120b-a12b-20230311:free,971,417,0.0,2026-05-16T13:22:45.231270+00:00
nvidia/nemotron-3-super-120b-a12b-20230311:free,664,285,0.0,2026-05-16T13:22:59.992987+00:00
MiniMax-M2.7-highspeed,1296,556,0.002114,2026-05-16T13:23:21.796820+00:00
nvidia/nemotron-3-super-120b-a12b-20230311:free,599,257,0.0,2026-05-16T13:29:22.669197+00:00
MiniMax-M2.7-highspeed,388,167,0.000686,2026-05-16T13:29:49.778454+00:00
deepseek-chat,826,354,0.0,2026-05-16T13:29:54.153384+00:00
nvidia/nemotron-3-super-120b-a12b-20230311:free,389,167,0.0,2026-05-16T13:29:55.676223+00:00
nvidia/nemotron-3-super-120b-a12b-20230311:free,993,426,0.0,2026-05-16T13:37:45.331924+00:00
deepseek-chat,201,87,0.0,2026-05-16T13:38:00.578710+00:00
nvidia/nemotron-3-super-120b-a12b-20230311:free,545,234,0.0,2026-05-16T13:38:13.459950+00:00
MiniMax-M2.7-highspeed,930,400,0.002917,2026-05-16T13:38:19.527481+00:00
nvidia/nemotron-3-super-120b-a12b-20230311:free,896,385,0.0,2026-05-16T13:41:05.497511+00:00
nvidia/nemotron-3-super-120b-a12b-20230311:free,912,392,0.0,2026-05-16T13:42:20.011097+00:00
llama-3.3-70b-versatile,175,76,0.0,2026-05-16T13:42:20.521214+00:00
nvidia/nemotron-3-super-120b-a12b-20230311:free,705,303,0.0,2026-05-16T13:49:27.393251+00:00
deepseek-chat,773,332,0.0,2026-05-16T13:50:17.597780+00:00
deepseek-chat,778,334,0.0,2026-05-16T13:52:26.199430+00:00
MiniMax-M2.7-highspeed,1726,740,0.003131,2026-05-16T13:53:38.466732+00:00
nvidia/nemotron-3-super-120b-a12b-20230311:free,619,266,0.0,2026-05-16T13:58:34.702877+00:00
nvidia/nemotron-3-super-120b-a12b-20230311:free,359,154,0.0,2026-05-16T13:58:42.358693+00:00
deepseek-chat,255,110,0.0,2026-05-16T13:58:58.583944+00:00
deepseek-chat,404,174,0.0,2026-05-16T13:59:14.415422+00:00
deepseek-chat,280,120,0.0,2026-05-16T13:59:23.322715+00:00
deepseek-chat,534,230,0.0,2026-05-16T14:00:08.610086+00:00
MiniMax-M2.7-highspeed,799,343,0.002029,2026-05-16T14:01:07.602225+00:00
llama-3.3-70b-versatile,218,94,0.0,2026-05-16T14:07:12.137196+00:00
deepseek-chat,429,184,0.0,2026-05-16T14:07:27.249965+00:00
deepseek-chat,258,111,0.0,2026-05-16T14:07:35.538512+00:00
MiniMax-M2.7-highspeed,910,391,0.002893,2026-05-16T14:07:38.689697+00:00
MiniMax-M2.7-highspeed,1549,665,0.005203,2026-05-16T14:07:39.434936+00:00
MiniMax-M2.7-highspeed,1548,664,0.005202,2026-05-16T14:07:46.318743+00:00
nvidia/nemotron-3-super-120b-a12b-20230311:free,1248,535,0.0,2026-05-16T14:08:13.818292+00:00
nvidia/nemotron-3-super-120b-a12b-20230311:free,560,241,0.0,2026-05-16T14:08:23.400575+00:00
MiniMax-M2.7-highspeed,699,300,0.001692,2026-05-16T14:11:03.931321+00:00
deepseek-chat,156,67,0.0,2026-05-16T14:12:25.898344+00:00
MiniMax-M2.7-highspeed,2198,943,0.007446,2026-05-16T14:13:11.506646+00:00
MiniMax-M2.7-highspeed,482,208,0.001411,2026-05-16T14:15:03.685693+00:00
deepseek-chat,681,292,0.0,2026-05-16T14:15:19.366233+00:00
MiniMax-M2.7-highspeed,1562,670,0.005212,2026-05-16T14:15:30.006125+00:00
deepseek-chat,744,320,0.0,2026-05-16T14:15:50.327822+00:00
nvidia/nemotron-3-super-120b-a12b-20230311:free,912,392,0.0,2026-05-16T14:16:13.848863+00:00
llama-3.3-70b-versatile,175,76,0.0,2026-05-16T14:16:14.391923+00:00
MiniMax-M2.7-highspeed,1704,731,0.002661,2026-05-16T14:23:54.742541+00:00
nvidia/nemotron-3-super-120b-a12b-20230311:free,940,404,0.0,2026-05-16T14:24:36.240158+00:00
nvidia/nemotron-3-super-120b-a12b-20230311:free,648,279,0.0,2026-05-16T14:24:44.178304+00:00
MiniMax-M2.7-highspeed,406,175,0.000717,2026-05-16T14:34:09.413217+00:00
MiniMax-M2.7-highspeed,713,306,0.001502,2026-05-16T14:39:06.041872+00:00
llama-3.3-70b-versatile,216,93,0.0,2026-05-16T14:42:48.523166+00:00
deepseek-chat,805,346,0.0,2026-05-16T14:43:18.986835+00:00
deepseek-chat,231,100,0.0,2026-05-16T14:43:26.483828+00:00
MiniMax-M2.7-highspeed,467,201,0.000892,2026-05-16T14:44:41.761349+00:00
deepseek-chat,179,77,0.0,2026-05-16T14:46:20.687680+00:00
MiniMax-M2.7-highspeed,2277,976,0.007727,2026-05-16T14:47:10.776684+00:00
llama-3.3-70b-versatile,167,72,0.0,2026-05-16T14:49:34.752208+00:00
nvidia/nemotron-3-super-120b-a12b-20230311:free,519,223,0.0,2026-05-16T14:51:33.118516+00:00
deepseek-chat,798,343,0.0,2026-05-16T14:52:04.472344+00:00
deepseek-chat,104,45,0.0,2026-05-16T14:52:25.606864+00:00
MiniMax-M2.7-highspeed,1972,846,0.003329,2026-05-16T14:54:13.771399+00:00
MiniMax-M2.7-highspeed,340,146,0.000513,2026-05-16T14:55:13.038278+00:00
nvidia/nemotron-3-super-120b-a12b-20230311:free,554,238,0.0,2026-05-16T15:00:59.322047+00:00
deepseek-chat,693,297,0.0,2026-05-16T15:01:28.698566+00:00
MiniMax-M2.7-highspeed,1611,691,0.005247,2026-05-16T15:01:39.937264+00:00
MiniMax-M2.7-highspeed,1625,697,0.005257,2026-05-16T15:01:41.311914+00:00
nvidia/nemotron-3-super-120b-a12b-20230311:free,1224,525,0.0,2026-05-16T15:02:57.770645+00:00
MiniMax-M2.7-highspeed,434,187,0.000726,2026-05-16T15:05:45.456203+00:00
deepseek-chat,919,394,0.0,2026-05-16T15:07:08.722808+00:00
deepseek-chat,196,84,0.0,2026-05-16T15:19:41.839840+00:00
nvidia/nemotron-3-super-120b-a12b-20230311:free,650,279,0.0,2026-05-16T15:20:22.312473+00:00
llama-3.3-70b-versatile,175,75,0.0,2026-05-16T15:20:23.677427+00:00
llama-3.3-70b-versatile,408,175,0.0,2026-05-16T15:20:24.898198+00:00
MiniMax-M2.7-highspeed,423,182,0.00113,2026-05-16T15:20:31.913622+00:00
MiniMax-M2.7-highspeed,461,198,0.001168,2026-05-16T15:20:32.658388+00:00
MiniMax-M2.7-highspeed,2090,896,0.007111,2026-05-16T15:20:34.997799+00:00
MiniMax-M2.7-highspeed,602,258,0.001798,2026-05-16T15:20:41.299038+00:00
deepseek-chat,601,258,0.0,2026-05-16T15:20:48.278425+00:00
MiniMax-M2.7-highspeed,1774,761,0.003285,2026-05-16T15:24:28.070094+00:00
MiniMax-M2.7-highspeed,574,246,0.001244,2026-05-16T15:26:32.778290+00:00
nvidia/nemotron-3-super-120b-a12b-20230311:free,540,232,0.0,2026-05-16T15:27:25.805511+00:00
deepseek-chat,605,260,0.0,2026-05-16T15:27:52.162241+00:00
deepseek-chat,835,358,0.0,2026-05-16T15:28:24.456322+00:00
MiniMax-M2.7-highspeed,499,214,0.001406,2026-05-16T15:29:16.137656+00:00
deepseek-chat,539,232,0.0,2026-05-16T15:29:26.053231+00:00
nvidia/nemotron-3-super-120b-a12b-20230311:free,1175,504,0.0,2026-05-16T15:30:01.438431+00:00
nvidia/nemotron-3-super-120b-a12b-20230311:free,919,394,0.0,2026-05-16T15:36:22.529039+00:00
nvidia/nemotron-3-super-120b-a12b-20230311:free,527,226,0.0,2026-05-16T15:36:35.089007+00:00
nvidia/nemotron-3-super-120b-a12b-20230311:free,536,230,0.0,2026-05-16T15:42:40.504646+00:00
MiniMax-M2.7-highspeed,3407,1461,0.011434,2026-05-16T15:46:43.135938+00:00
MiniMax-M2.7-highspeed,609,262,0.001132,2026-05-16T15:52:11.293207+00:00
deepseek-chat,175,76,0.0,2026-05-16T15:54:38.157528+00:00
MiniMax-M2.7-highspeed,1449,622,0.002119,2026-05-16T15:54:38.578383+00:00
MiniMax-M2.7-highspeed,847,363,0.002671,2026-05-16T15:54:58.650878+00:00
MiniMax-M2.7-highspeed,434,187,0.000775,2026-05-16T15:57:44.621727+00:00
llama-3.3-70b-versatile,195,84,0.0,2026-05-16T15:58:02.432398+00:00
deepseek-chat,247,107,0.0,2026-05-16T15:58:13.392398+00:00
nvidia/nemotron-3-super-120b-a12b-20230311:free,912,392,0.0,2026-05-16T15:58:23.395941+00:00
MiniMax-M2.7-highspeed,1465,628,0.004522,2026-05-16T15:58:39.496035+00:00
MiniMax-M2.7-highspeed,1575,675,0.005207,2026-05-16T15:58:40.496397+00:00
MiniMax-M2.7-highspeed,1595,684,0.005235,2026-05-16T15:58:40.684954+00:00
deepseek-chat,821,353,0.0,2026-05-16T15:58:44.130808+00:00
MiniMax-M2.7-highspeed,285,123,0.000318,2026-05-16T16:08:09.965615+00:00
nvidia/nemotron-3-super-120b-a12b-20230311:free,651,279,0.0,2026-05-16T16:11:50.053454+00:00
MiniMax-M2.7-highspeed,1666,715,0.005286,2026-05-16T16:12:27.644125+00:00
deepseek-chat,525,225,0.0,2026-05-16T16:12:36.159413+00:00
deepseek-chat,340,146,0.0,2026-05-16T16:13:21.754828+00:00
MiniMax-M2.7-highspeed,599,258,0.001317,2026-05-16T16:13:31.249273+00:00
nvidia/nemotron-3-super-120b-a12b-20230311:free,929,399,0.0,2026-05-16T16:21:47.015575+00:00
nvidia/nemotron-3-super-120b-a12b-20230311:free,1032,443,0.0,2026-05-16T16:22:12.726667+00:00
MiniMax-M2.7-highspeed,2079,891,0.003293,2026-05-16T16:24:57.437937+00:00
deepseek-chat,205,88,0.0,2026-05-16T16:28:32.009356+00:00
MiniMax-M2.7-highspeed,1803,773,0.006032,2026-05-16T16:29:09.002355+00:00
nvidia/nemotron-3-super-120b-a12b-20230311:free,725,311,0.0,2026-05-16T16:29:23.116443+00:00
llama-3.3-70b-versatile,741,318,0.0,2026-05-16T16:29:26.291836+00:00
deepseek-chat,896,385,0.0,2026-05-16T16:29:57.858931+00:00
nvidia/nemotron-3-super-120b-a12b-20230311:free,912,392,0.0,2026-05-16T16:33:33.997697+00:00
nvidia/nemotron-3-super-120b-a12b-20230311:free,590,253,0.0,2026-05-16T16:36:42.225421+00:00
MiniMax-M2.7-highspeed,501,216,0.000656,2026-05-16T16:36:47.604236+00:00
deepseek-chat,725,312,0.0,2026-05-16T16:37:17.164048+00:00
MiniMax-M2.7-highspeed,424,182,0.000775,2026-05-16T16:39:11.136084+00:00
deepseek-chat,1008,433,0.0,2026-05-16T16:41:28.991215+00:00
deepseek-chat,423,182,0.0,2026-05-16T16:42:45.857847+00:00
nvidia/nemotron-3-super-120b-a12b-20230311:free,1341,576,0.0,2026-05-16T16:43:27.000168+00:00
MiniMax-M2.7-highspeed,492,212,0.001028,2026-05-16T16:45:25.302703+00:00
nvidia/nemotron-3-super-120b-a12b-20230311:free,577,248,0.0,2026-05-16T16:53:45.618306+00:00
llama-3.3-70b-versatile,799,343,0.0,2026-05-16T16:53:49.919786+00:00
MiniMax-M2.7-highspeed,787,338,0.001972,2026-05-16T16:54:00.909753+00:00
deepseek-chat,611,263,0.0,2026-05-16T16:54:07.747547+00:00
MiniMax-M2.7-highspeed,1929,828,0.003092,2026-05-16T16:55:12.158651+00:00
MiniMax-M2.7-highspeed,406,174,0.000714,2026-05-16T16:55:59.947245+00:00
deepseek-chat,565,243,0.0,2026-05-16T16:58:43.797526+00:00
nvidia/nemotron-3-super-120b-a12b-20230311:free,529,227,0.0,2026-05-16T17:00:25.523547+00:00
MiniMax-M2.7-highspeed,611,262,0.001681,2026-05-16T17:00:38.638665+00:00
MiniMax-M2.7-highspeed,782,336,0.002291,2026-05-16T17:00:41.884381+00:00
deepseek-chat,691,297,0.0,2026-05-16T17:00:53.125468+00:00
MiniMax-M2.7-highspeed,532,228,0.000854,2026-05-16T17:01:00.718665+00:00
deepseek-chat,196,85,0.0,2026-05-16T17:03:41.429675+00:00
MiniMax-M2.7-highspeed,1227,526,0.003976,2026-05-16T17:04:04.408324+00:00
MiniMax-M2.7-highspeed,1776,762,0.005567,2026-05-16T17:06:41.710903+00:00
nvidia/nemotron-3-super-120b-a12b-20230311:free,912,392,0.0,2026-05-16T17:07:14.946702+00:00
MiniMax-M2.7-highspeed,404,174,0.000633,2026-05-16T17:07:54.207153+00:00
MiniMax-M2.7-highspeed,426,183,0.001084,2026-05-16T17:13:16.631758+00:00
deepseek-chat,370,159,0.0,2026-05-16T17:13:23.374129+00:00
nvidia/nemotron-3-super-120b-a12b-20230311:free,210,91,0.0,2026-05-16T17:13:36.504476+00:00
deepseek-chat,858,369,0.0,2026-05-16T17:14:25.493131+00:00
deepseek-chat,639,275,0.0,2026-05-16T17:15:01.487166+00:00
MiniMax-M2.7-highspeed,438,188,0.000739,2026-05-16T17:16:49.128585+00:00
nvidia/nemotron-3-super-120b-a12b-20230311:free,683,294,0.0,2026-05-16T17:21:20.788174+00:00
MiniMax-M2.7-highspeed,565,243,0.0015,2026-05-16T17:21:33.007559+00:00
nvidia/nemotron-3-super-120b-a12b-20230311:free,767,329,0.0,2026-05-16T17:21:52.124471+00:00
MiniMax-M2.7-highspeed,1621,696,0.005254,2026-05-16T17:21:57.154662+00:00
MiniMax-M2.7-highspeed,1624,696,0.005256,2026-05-16T17:21:57.168371+00:00
deepseek-chat,658,282,0.0,2026-05-16T17:22:05.206561+00:00
MiniMax-M2.7-highspeed,1353,581,0.002261,2026-05-16T17:25:24.874439+00:00
MiniMax-M2.7-highspeed,333,144,0.000491,2026-05-16T17:27:20.493251+00:00
nvidia/nemotron-3-super-120b-a12b-20230311:free,653,281,0.0,2026-05-16T17:28:42.906850+00:00
llama-3.3-70b-versatile,661,284,0.0,2026-05-16T17:28:46.878607+00:00
deepseek-chat,255,110,0.0,2026-05-16T17:29:00.729442+00:00
deepseek-chat,1206,517,0.0,2026-05-16T17:31:51.033235+00:00
nvidia/nemotron-3-super-120b-a12b-20230311:free,1950,836,0.0,2026-05-16T17:32:32.481181+00:00
deepseek-chat,195,84,0.0,2026-05-16T17:37:29.577732+00:00
MiniMax-M2.7-highspeed,2727,1170,0.009336,2026-05-16T17:38:21.359886+00:00
nvidia/nemotron-3-super-120b-a12b-20230311:free,887,381,0.0,2026-05-16T17:41:20.336176+00:00
MiniMax-M2.7-highspeed,543,234,0.001136,2026-05-16T17:42:16.875786+00:00
nvidia/nemotron-3-super-120b-a12b-20230311:free,679,292,0.0,2026-05-16T17:43:16.002948+00:00
deepseek-chat,873,375,0.0,2026-05-16T17:43:50.106502+00:00
nvidia/nemotron-3-super-120b-a12b-20230311:free,1124,483,0.0,2026-05-16T17:44:12.770211+00:00
nvidia/nemotron-3-super-120b-a12b-20230311:free,1027,441,0.0,2026-05-16T17:47:55.003828+00:00
nvidia/nemotron-3-super-120b-a12b-20230311:free,522,225,0.0,2026-05-16T17:52:25.016951+00:00
deepseek-chat,458,197,0.0,2026-05-16T17:52:40.794352+00:00
MiniMax-M2.7-highspeed,1052,452,0.003322,2026-05-16T17:52:45.560074+00:00
MiniMax-M2.7-highspeed,1424,611,0.002038,2026-05-16T17:55:35.394955+00:00
nvidia/nemotron-3-super-120b-a12b-20230311:free,651,279,0.0,2026-05-16T17:59:28.341158+00:00
llama-3.3-70b-versatile,730,314,0.0,2026-05-16T17:59:31.738261+00:00
MiniMax-M2.7-highspeed,551,237,0.001538,2026-05-16T17:59:38.574934+00:00
MiniMax-M2.7-highspeed,817,351,0.002492,2026-05-16T17:59:45.573489+00:00
nvidia/nemotron-3-super-120b-a12b-20230311:free,515,221,0.0,2026-05-16T17:59:49.756053+00:00
deepseek-chat,1154,495,0.0,2026-05-16T18:03:28.816144+00:00
nvidia/nemotron-3-super-120b-a12b-20230311:free,2285,980,0.0,2026-05-16T18:04:15.904677+00:00
MiniMax-M2.7-highspeed,362,156,0.000559,2026-05-16T18:08:53.251838+00:00
deepseek-chat,197,85,0.0,2026-05-16T18:11:27.552307+00:00
MiniMax-M2.7-highspeed,783,336,0.002443,2026-05-16T18:11:43.485502+00:00
MiniMax-M2.7-highspeed,565,243,0.000974,2026-05-16T18:12:09.484537+00:00
nvidia/nemotron-3-super-120b-a12b-20230311:free,914,392,0.0,2026-05-16T18:14:32.218712+00:00
llama-3.3-70b-versatile,167,72,0.0,2026-05-16T18:14:32.926570+00:00
MiniMax-M2.7-highspeed,394,169,0.00063,2026-05-16T18:19:29.276424+00:00
deepseek-chat,925,397,0.0,2026-05-16T18:19:43.303758+00:00
nvidia/nemotron-3-super-120b-a12b-20230311:free,630,271,0.0,2026-05-16T18:19:48.194356+00:00
MiniMax-M2.7-highspeed,540,232,0.001494,2026-05-16T18:19:58.707165+00:00
deepseek-chat,335,144,0.0,2026-05-16T18:20:05.167601+00:00
nvidia/nemotron-3-super-120b-a12b-20230311:free,2145,920,0.0,2026-05-16T18:20:28.558397+00:00
nvidia/nemotron-3-super-120b-a12b-20230311:free,903,388,0.0,2026-05-16T18:20:34.820711+00:00
MiniMax-M2.7-highspeed,1543,662,0.002458,2026-05-16T18:25:47.815130+00:00
nvidia/nemotron-3-super-120b-a12b-20230311:free,605,260,0.0,2026-05-16T18:26:54.493842+00:00
nvidia/nemotron-3-super-120b-a12b-20230311:free,1018,437,0.0,2026-05-16T18:27:16.458492+00:00
deepseek-chat,665,286,0.0,2026-05-16T18:27:22.225025+00:00
MiniMax-M2.7-highspeed,1569,673,0.005217,2026-05-16T18:27:25.055489+00:00
MiniMax-M2.7-highspeed,396,171,0.000677,2026-05-16T18:29:57.145508+00:00
MiniMax-M2.7-highspeed,701,301,0.001693,2026-05-16T18:33:30.325324+00:00
deepseek-chat,1345,577,0.0,2026-05-16T18:36:12.930075+00:00
nvidia/nemotron-3-super-120b-a12b-20230311:free,600,258,0.0,2026-05-16T18:36:17.677889+00:00
deepseek-chat,546,235,0.0,2026-05-16T18:36:38.313075+00:00
MiniMax-M2.7-highspeed,839,360,0.002468,2026-05-16T18:36:38.895999+00:00
MiniMax-M2.7-highspeed,373,160,0.00063,2026-05-16T18:40:24.342567+00:00
nvidia/nemotron-3-super-120b-a12b-20230311:free,667,286,0.0,2026-05-16T18:44:14.733621+00:00
deepseek-chat,197,85,0.0,2026-05-16T18:44:39.942614+00:00
MiniMax-M2.7-highspeed,663,285,0.002016,2026-05-16T18:44:54.675341+00:00
nvidia/nemotron-3-super-120b-a12b-20230311:free,914,392,0.0,2026-05-16T18:47:52.865562+00:00
llama-3.3-70b-versatile,175,75,0.0,2026-05-16T18:47:53.591872+00:00
nvidia/nemotron-3-super-120b-a12b-20230311:free,539,231,0.0,2026-05-16T18:50:59.364401+00:00
MiniMax-M2.7-highspeed,262,113,0.000447,2026-05-16T18:51:04.155669+00:00
MiniMax-M2.7-highspeed,333,143,0.000804,2026-05-16T18:51:07.108175+00:00
deepseek-chat,198,86,0.0,2026-05-16T18:51:07.733137+00:00
deepseek-chat,487,209,0.0,2026-05-16T18:51:25.065173+00:00
MiniMax-M2.7-highspeed,519,223,0.001049,2026-05-16T18:53:32.446809+00:00
MiniMax-M2.7-highspeed,1610,691,0.0027,2026-05-16T18:56:04.467487+00:00
nvidia/nemotron-3-super-120b-a12b-20230311:free,739,317,0.0,2026-05-16T19:01:06.169416+00:00
llama-3.3-70b-versatile,648,278,0.0,2026-05-16T19:01:08.809486+00:00
llama-3.3-70b-versatile,688,295,0.0,2026-05-16T19:01:09.510933+00:00
deepseek-chat,516,222,0.0,2026-05-16T19:01:23.975782+00:00
MiniMax-M2.7-highspeed,1139,489,0.003206,2026-05-16T19:01:29.800913+00:00
deepseek-chat,912,391,0.0,2026-05-16T19:01:55.100222+00:00
nvidia/nemotron-3-super-120b-a12b-20230311:free,982,422,0.0,2026-05-16T19:06:10.563579+00:00
nvidia/nemotron-3-super-120b-a12b-20230311:free,1078,463,0.0,2026-05-16T19:14:54.492402+00:00
deepseek-chat,228,98,0.0,2026-05-16T19:18:01.754612+00:00
MiniMax-M2.7-highspeed,1360,583,0.00445,2026-05-16T19:18:31.870954+00:00
nvidia/nemotron-3-super-120b-a12b-20230311:free,912,392,0.0,2026-05-16T19:21:36.371985+00:00
llama-3.3-70b-versatile,167,72,0.0,2026-05-16T19:21:37.085488+00:00
MiniMax-M2.7-highspeed,394,170,0.000674,2026-05-16T19:22:16.235786+00:00
nvidia/nemotron-3-super-120b-a12b-20230311:free,641,275,0.0,2026-05-16T19:22:20.078890+00:00
deepseek-chat,728,312,0.0,2026-05-16T19:22:49.838065+00:00
MiniMax-M2.7-highspeed,501,215,0.000744,2026-05-16T19:26:13.587952+00:00
MiniMax-M2.7-highspeed,1674,718,0.00225,2026-05-16T19:26:14.040809+00:00
MiniMax-M2.7-highspeed,626,269,0.001796,2026-05-16T19:30:05.319545+00:00
deepseek-chat,617,265,0.0,2026-05-16T19:30:16.934802+00:00
deepseek-chat,313,135,0.0,2026-05-16T19:33:07.795073+00:00
MiniMax-M2.7-highspeed,454,196,0.000885,2026-05-16T19:35:46.035002+00:00
nvidia/nemotron-3-super-120b-a12b-20230311:free,539,231,0.0,2026-05-16T19:38:36.295707+00:00
deepseek-chat,224,96,0.0,2026-05-16T19:38:44.931701+00:00
MiniMax-M2.7-highspeed,697,299,0.002018,2026-05-16T19:38:51.574014+00:00
MiniMax-M2.7-highspeed,807,347,0.002481,2026-05-16T19:38:56.305702+00:00
MiniMax-M2.7-highspeed,1610,690,0.005246,2026-05-16T19:39:12.562186+00:00
MiniMax-M2.7-highspeed,494,212,0.001063,2026-05-16T19:43:16.893233+00:00
nvidia/nemotron-3-super-120b-a12b-20230311:free,564,243,0.0,2026-05-16T19:49:46.600961+00:00
llama-3.3-70b-versatile,396,171,0.0,2026-05-16T19:49:48.767998+00:00
MiniMax-M2.7-highspeed,493,212,0.001326,2026-05-16T19:49:56.627095+00:00
MiniMax-M2.7-highspeed,648,278,0.001847,2026-05-16T19:50:01.091109+00:00
deepseek-chat,480,206,0.0,2026-05-16T19:50:03.883967+00:00
MiniMax-M2.7-highspeed,952,409,0.002919,2026-05-16T19:50:07.652509+00:00
deepseek-chat,211,91,0.0,2026-05-16T19:51:44.766068+00:00
MiniMax-M2.7-highspeed,2048,879,0.006909,2026-05-16T19:52:30.579108+00:00
nvidia/nemotron-3-super-120b-a12b-20230311:free,852,366,0.0,2026-05-16T19:53:28.283685+00:00
nvidia/nemotron-3-super-120b-a12b-20230311:free,640,275,0.0,2026-05-16T19:56:23.845872+00:00
MiniMax-M2.7-highspeed,1823,782,0.002749,2026-05-16T19:56:26.881064+00:00
deepseek-chat,338,146,0.0,2026-05-16T19:56:36.650093+00:00
nvidia/nemotron-3-super-120b-a12b-20230311:free,340,147,0.0,2026-05-16T19:56:45.914476+00:00
MiniMax-M2.7-highspeed,448,192,0.000794,2026-05-16T20:03:00.161809+00:00
MiniMax-M2.7-highspeed,590,254,0.001298,2026-05-16T20:04:54.951107+00:00
nvidia/nemotron-3-super-120b-a12b-20230311:free,595,255,0.0,2026-05-16T20:05:09.190765+00:00
MiniMax-M2.7-highspeed,728,313,0.002043,2026-05-16T20:05:24.621419+00:00
deepseek-chat,488,210,0.0,2026-05-16T20:05:26.503815+00:00
deepseek-chat,730,314,0.0,2026-05-16T20:05:53.286576+00:00
MiniMax-M2.7-highspeed,1637,702,0.005265,2026-05-16T20:05:53.668989+00:00
nvidia/nemotron-3-super-120b-a12b-20230311:free,2557,1096,0.0,2026-05-16T20:06:08.513386+00:00
MiniMax-M2.7-highspeed,568,244,0.001314,2026-05-16T20:09:08.648138+00:00
nvidia/nemotron-3-super-120b-a12b-20230311:free,483,208,0.0,2026-05-16T20:13:41.433559+00:00
llama-3.3-70b-versatile,312,135,0.0,2026-05-16T20:13:43.033347+00:00
MiniMax-M2.7-highspeed,944,405,0.002882,2026-05-16T20:14:01.168194+00:00
deepseek-chat,709,304,0.0,2026-05-16T20:14:30.078059+00:00
MiniMax-M2.7-highspeed,3126,1341,0.010397,2026-05-16T20:16:08.833887+00:00
deepseek-chat,175,75,0.0,2026-05-16T20:23:35.453269+00:00
MiniMax-M2.7-highspeed,1147,492,0.003691,2026-05-16T20:23:57.686674+00:00
nvidia/nemotron-3-super-120b-a12b-20230311:free,912,392,0.0,2026-05-16T20:24:54.573761+00:00
MiniMax-M2.7-highspeed,1601,687,0.002526,2026-05-16T20:26:38.319982+00:00
nvidia/nemotron-3-super-120b-a12b-20230311:free,596,256,0.0,2026-05-16T20:32:58.041302+00:00
MiniMax-M2.7-highspeed,565,243,0.00156,2026-05-16T20:33:09.138755+00:00
deepseek-chat,835,359,0.0,2026-05-16T20:33:32.352840+00:00
MiniMax-M2.7-highspeed,1587,681,0.00523,2026-05-16T20:33:36.666182+00:00
MiniMax-M2.7-highspeed,597,257,0.001089,2026-05-16T20:34:34.690783+00:00
deepseek-chat,690,297,0.0,2026-05-16T20:34:39.098889+00:00
nvidia/nemotron-3-super-120b-a12b-20230311:free,607,261,0.0,2026-05-16T20:42:45.331527+00:00
llama-3.3-70b-versatile,401,173,0.0,2026-05-16T20:42:47.272182+00:00
MiniMax-M2.7-highspeed,640,275,0.001829,2026-05-16T20:42:58.583748+00:00
deepseek-chat,468,202,0.0,2026-05-16T20:43:03.092483+00:00
deepseek-chat,350,151,0.0,2026-05-16T20:43:12.998536+00:00
nvidia/nemotron-3-super-120b-a12b-20230311:free,548,235,0.0,2026-05-16T20:49:48.932594+00:00
MiniMax-M2.7-highspeed,482,208,0.001291,2026-05-16T20:49:57.918520+00:00
deepseek-chat,476,205,0.0,2026-05-16T20:50:05.088738+00:00
deepseek-chat,723,311,0.0,2026-05-16T20:50:32.241988+00:00
deepseek-chat,553,238,0.0,2026-05-16T20:53:10.698267+00:00
deepseek-chat,342,147,0.0,2026-05-16T20:53:21.088638+00:00
deepseek-chat,363,156,0.0,2026-05-16T20:53:30.151964+00:00
deepseek-chat,158,68,0.0,2026-05-16T20:55:00.196132+00:00
MiniMax-M2.7-highspeed,1159,497,0.003734,2026-05-16T20:55:22.850583+00:00
nvidia/nemotron-3-super-120b-a12b-20230311:free,912,392,0.0,2026-05-16T20:56:10.408415+00:00
MiniMax-M2.7-highspeed,1544,663,0.002462,2026-05-16T20:56:50.733049+00:00
nvidia/nemotron-3-super-120b-a12b-20230311:free,963,413,0.0,2026-05-16T21:02:43.272759+00:00
MiniMax-M2.7-highspeed,524,225,0.001066,2026-05-16T21:06:07.969225+00:00
nvidia/nemotron-3-super-120b-a12b-20230311:free,913,392,0.0,2026-05-16T21:10:41.608442+00:00
MiniMax-M2.7-highspeed,463,199,0.000519,2026-05-16T21:16:57.227265+00:00
llama-3.3-70b-versatile,609,261,0.0,2026-05-16T21:18:11.580557+00:00
MiniMax-M2.7-highspeed,518,222,0.001456,2026-05-16T21:18:21.838824+00:00
MiniMax-M2.7-highspeed,705,303,0.002138,2026-05-16T21:18:25.590644+00:00
deepseek-chat,812,348,0.0,2026-05-16T21:18:39.890700+00:00
MiniMax-M2.7-highspeed,1292,555,0.004185,2026-05-16T21:18:39.917435+00:00
nvidia/nemotron-3-super-120b-a12b-20230311:free,689,296,0.0,2026-05-16T21:18:49.435571+00:00
deepseek-chat,198,85,0.0,2026-05-16T21:26:17.618509+00:00
MiniMax-M2.7-highspeed,1051,451,0.003401,2026-05-16T21:26:41.030477+00:00
nvidia/nemotron-3-super-120b-a12b-20230311:free,728,313,0.0,2026-05-16T21:26:44.847957+00:00
deepseek-chat,233,100,0.0,2026-05-16T21:26:52.835977+00:00
MiniMax-M2.7-highspeed,1187,509,0.001922,2026-05-16T21:27:02.158359+00:00
nvidia/nemotron-3-super-120b-a12b-20230311:free,599,258,0.0,2026-05-16T21:27:11.547403+00:00
MiniMax-M2.7-highspeed,457,196,0.000893,2026-05-16T21:27:22.330442+00:00
nvidia/nemotron-3-super-120b-a12b-20230311:free,791,339,0.0,2026-05-16T21:27:24.981653+00:00
nvidia/nemotron-3-super-120b-a12b-20230311:free,564,242,0.0,2026-05-16T21:33:21.202197+00:00
MiniMax-M2.7-highspeed,518,222,0.001118,2026-05-16T21:33:21.342316+00:00
MiniMax-M2.7-highspeed,292,126,0.000691,2026-05-16T21:33:27.898920+00:00
MiniMax-M2.7-highspeed,410,176,0.001165,2026-05-16T21:33:31.860759+00:00
nvidia/nemotron-3-super-120b-a12b-20230311:free,469,202,0.0,2026-05-16T21:33:44.207103+00:00
deepseek-chat,654,281,0.0,2026-05-16T21:33:51.664431+00:00
deepseek-chat,753,324,0.0,2026-05-16T21:34:58.387422+00:00
llama-3.3-70b-versatile,305,132,0.0,2026-05-16T21:46:08.184049+00:00
deepseek-chat,248,107,0.0,2026-05-16T21:46:16.506930+00:00
MiniMax-M2.7-highspeed,882,378,0.002748,2026-05-16T21:46:26.838508+00:00
MiniMax-M2.7-highspeed,896,385,0.002391,2026-05-16T21:48:13.008838+00:00
nvidia/nemotron-3-super-120b-a12b-20230311:free,585,251,0.0,2026-05-16T21:54:39.138017+00:00
deepseek-chat,367,158,0.0,2026-05-16T21:54:52.620938+00:00
MiniMax-M2.7-highspeed,1492,640,0.002788,2026-05-16T21:57:17.283287+00:00
deepseek-chat,207,89,0.0,2026-05-16T21:57:32.416013+00:00
MiniMax-M2.7-highspeed,898,385,0.002854,2026-05-16T21:57:51.082792+00:00
nvidia/nemotron-3-super-120b-a12b-20230311:free,868,373,0.0,2026-05-16T21:58:42.838556+00:00
MiniMax-M2.7-highspeed,712,306,0.001935,2026-05-16T22:04:41.340060+00:00
deepseek-chat,1029,442,0.0,2026-05-16T22:04:57.501117+00:00
MiniMax-M2.7-highspeed,450,193,0.000892,2026-05-16T22:08:59.008975+00:00
llama-3.3-70b-versatile,669,288,0.0,2026-05-16T22:12:58.956333+00:00
deepseek-chat,259,111,0.0,2026-05-16T22:13:02.435140+00:00
MiniMax-M2.7-highspeed,986,423,0.003044,2026-05-16T22:13:12.214167+00:00
nvidia/nemotron-3-super-120b-a12b-20230311:free,603,259,0.0,2026-05-16T22:13:25.804791+00:00
MiniMax-M2.7-highspeed,1598,685,0.005237,2026-05-16T22:13:28.102847+00:00
deepseek-chat,783,336,0.0,2026-05-16T22:13:32.685116+00:00
MiniMax-M2.7-highspeed,450,193,0.000802,2026-05-16T22:19:24.097188+00:00
nvidia/nemotron-3-super-120b-a12b-20230311:free,665,285,0.0,2026-05-16T22:21:13.356419+00:00
MiniMax-M2.7-highspeed,514,221,0.00119,2026-05-16T22:21:24.426642+00:00
deepseek-chat,449,193,0.0,2026-05-16T22:21:28.989140+00:00
MiniMax-M2.7-highspeed,1580,678,0.005225,2026-05-16T22:21:49.202556+00:00
deepseek-chat,770,331,0.0,2026-05-16T22:21:58.836491+00:00
MiniMax-M2.7-highspeed,1190,511,0.001939,2026-05-16T22:27:27.843983+00:00
deepseek-chat,206,89,0.0,2026-05-16T22:28:50.250551+00:00
MiniMax-M2.7-highspeed,770,331,0.002345,2026-05-16T22:29:05.911201+00:00
nvidia/nemotron-3-super-120b-a12b-20230311:free,912,392,0.0,2026-05-16T22:29:51.864793+00:00
MiniMax-M2.7-highspeed,487,210,0.001002,2026-05-16T22:33:54.596868+00:00
nvidia/nemotron-3-super-120b-a12b-20230311:free,499,215,0.0,2026-05-16T22:34:43.012574+00:00
deepseek-chat,1083,465,0.0,2026-05-16T22:35:15.376807+00:00
MiniMax-M2.7-highspeed,408,175,0.000726,2026-05-16T22:40:04.633856+00:00
nvidia/nemotron-3-super-120b-a12b-20230311:free,753,324,0.0,2026-05-16T22:52:38.848612+00:00
nvidia/nemotron-3-super-120b-a12b-20230311:free,454,196,0.0,2026-05-16T22:52:52.236487+00:00
MiniMax-M2.7-highspeed,510,220,0.001013,2026-05-16T22:54:45.121959+00:00
MiniMax-M2.7-highspeed,1971,845,0.003934,2026-05-16T22:57:52.180663+00:00
nvidia/nemotron-3-super-120b-a12b-20230311:free,651,279,0.0,2026-05-16T22:59:26.525804+00:00
MiniMax-M2.7-highspeed,279,120,0.000634,2026-05-16T22:59:32.090094+00:00
nvidia/nemotron-3-super-120b-a12b-20230311:free,543,233,0.0,2026-05-16T22:59:35.213338+00:00
MiniMax-M2.7-highspeed,496,213,0.001349,2026-05-16T22:59:36.317398+00:00
MiniMax-M2.7-highspeed,491,211,0.001341,2026-05-16T22:59:37.203047+00:00
deepseek-chat,813,349,0.0,2026-05-16T22:59:59.191670+00:00
deepseek-chat,210,91,0.0,2026-05-16T23:00:06.161431+00:00
MiniMax-M2.7-highspeed,1015,436,0.003221,2026-05-16T23:00:30.417515+00:00
nvidia/nemotron-3-super-120b-a12b-20230311:free,616,265,0.0,2026-05-16T23:01:16.645770+00:00
MiniMax-M2.7-highspeed,2125,912,0.006729,2026-05-16T23:05:40.553350+00:00
nvidia/nemotron-3-super-120b-a12b-20230311:free,742,319,0.0,2026-05-16T23:16:09.754122+00:00
MiniMax-M2.7-highspeed,237,103,0.000392,2026-05-16T23:16:14.434054+00:00
nvidia/nemotron-3-super-120b-a12b-20230311:free,618,266,0.0,2026-05-16T23:16:25.719289+00:00
deepseek-chat,484,208,0.0,2026-05-16T23:16:30.080388+00:00
MiniMax-M2.7-highspeed,1222,525,0.00203,2026-05-16T23:28:03.558813+00:00
deepseek-chat,196,85,0.0,2026-05-16T23:31:23.631472+00:00
MiniMax-M2.7-highspeed,1551,666,0.005137,2026-05-16T23:31:53.665410+00:00
nvidia/nemotron-3-super-120b-a12b-20230311:free,611,263,0.0,2026-05-16T23:32:37.860151+00:00
nvidia/nemotron-3-super-120b-a12b-20230311:free,616,265,0.0,2026-05-16T23:33:36.687973+00:00
deepseek-chat,395,170,0.0,2026-05-16T23:33:57.889131+00:00
MiniMax-M2.7-highspeed,383,165,0.00063,2026-05-16T23:36:31.951360+00:00
nvidia/nemotron-3-super-120b-a12b-20230311:free,511,220,0.0,2026-05-16T23:41:32.921952+00:00
deepseek-chat,527,227,0.0,2026-05-16T23:41:52.694287+00:00
nvidia/nemotron-3-super-120b-a12b-20230311:free,1489,639,0.0,2026-05-16T23:41:58.780115+00:00
deepseek-chat,227,98,0.0,2026-05-16T23:41:59.240210+00:00
nvidia/nemotron-3-super-120b-a12b-20230311:free,1576,676,0.0,2026-05-16T23:42:11.116812+00:00
nvidia/nemotron-3-super-120b-a12b-20230311:free,1031,443,0.0,2026-05-16T23:50:16.250822+00:00
nvidia/nemotron-3-super-120b-a12b-20230311:free,482,207,0.0,2026-05-16T23:50:34.177502+00:00
MiniMax-M2.7-highspeed,1083,465,0.001556,2026-05-16T23:58:11.740019+00:00
nvidia/nemotron-3-super-120b-a12b-20230311:free,820,352,0.0,2026-05-16T23:58:51.685756+00:00
nvidia/nemotron-3-super-120b-a12b-20230311:free,430,185,0.0,2026-05-16T23:59:04.352116+00:00
nvidia/nemotron-3-super-120b-a12b-20230311:free,897,385,0.0,2026-05-17T00:01:27.694540+00:00
deepseek-chat,181,78,0.0,2026-05-17T00:02:44.215818+00:00
MiniMax-M2.7-highspeed,1729,741,0.005363,2026-05-17T00:02:58.316147+00:00
MiniMax-M2.7-highspeed,978,420,0.003141,2026-05-17T00:03:07.856058+00:00
nvidia/nemotron-3-super-120b-a12b-20230311:free,688,296,0.0,2026-05-17T00:05:03.223365+00:00
nvidia/nemotron-3-super-120b-a12b-20230311:free,584,251,0.0,2026-05-17T00:10:49.557078+00:00
MiniMax-M2.7-highspeed,321,138,0.000789,2026-05-17T00:10:56.427849+00:00
deepseek-chat,273,118,0.0,2026-05-17T00:11:01.105793+00:00
MiniMax-M2.7-highspeed,615,264,0.001737,2026-05-17T00:11:05.790848+00:00
nvidia/nemotron-3-super-120b-a12b-20230311:free,249,107,0.0,2026-05-17T00:11:23.008329+00:00
MiniMax-M2.7-highspeed,1272,546,0.002067,2026-05-17T00:15:53.273907+00:00
llama-3.3-70b-versatile,530,228,0.0,2026-05-17T00:18:05.243468+00:00
nvidia/nemotron-3-super-120b-a12b-20230311:free,586,252,0.0,2026-05-17T00:21:20.222522+00:00
llama-3.3-70b-versatile,779,335,0.0,2026-05-17T00:21:23.036106+00:00
nvidia/nemotron-3-super-120b-a12b-20230311:free,266,115,0.0,2026-05-17T00:21:24.917728+00:00
deepseek-chat,75,33,0.0,2026-05-17T00:21:26.544262+00:00
nvidia/nemotron-3-super-120b-a12b-20230311:free,590,253,0.0,2026-05-17T00:28:48.925699+00:00
deepseek-chat,311,134,0.0,2026-05-17T00:29:00.817296+00:00
MiniMax-M2.7-highspeed,292,126,0.000575,2026-05-17T00:36:41.105965+00:00
deepseek-chat,437,188,0.0,2026-05-17T00:36:52.649931+00:00
nvidia/nemotron-3-super-120b-a12b-20230311:free,401,172,0.0,2026-05-17T00:36:54.015380+00:00
MiniMax-M2.7-highspeed,1573,675,0.00522,2026-05-17T00:37:10.133385+00:00
deepseek-chat,193,83,0.0,2026-05-17T00:45:18.571055+00:00
MiniMax-M2.7-highspeed,673,289,0.002051,2026-05-17T00:45:34.814140+00:00
MiniMax-M2.7-highspeed,1416,607,0.001996,2026-05-17T00:46:03.944168+00:00
MiniMax-M2.7-highspeed,686,294,0.001404,2026-05-17T00:46:09.172712+00:00
nvidia/nemotron-3-super-120b-a12b-20230311:free,912,392,0.0,2026-05-17T00:48:14.794152+00:00
nvidia/nemotron-3-super-120b-a12b-20230311:free,700,300,0.0,2026-05-17T00:49:54.523094+00:00
deepseek-chat,284,122,0.0,2026-05-17T00:50:04.103637+00:00
nvidia/nemotron-3-super-120b-a12b-20230311:free,1397,600,0.0,2026-05-17T00:50:29.343825+00:00
MiniMax-M2.7-highspeed,1628,698,0.005259,2026-05-17T00:50:42.357435+00:00
nvidia/nemotron-3-super-120b-a12b-20230311:free,830,357,0.0,2026-05-17T00:57:23.234087+00:00
llama-3.3-70b-versatile,504,217,0.0,2026-05-17T00:57:26.118732+00:00
nvidia/nemotron-3-super-120b-a12b-20230311:free,215,93,0.0,2026-05-17T00:57:29.413961+00:00
deepseek-chat,595,255,0.0,2026-05-17T00:57:46.751761+00:00
MiniMax-M2.7-highspeed,1608,690,0.005245,2026-05-17T00:57:53.964997+00:00
nvidia/nemotron-3-super-120b-a12b-20230311:free,851,366,0.0,2026-05-17T01:05:58.602886+00:00
nvidia/nemotron-3-super-120b-a12b-20230311:free,448,193,0.0,2026-05-17T01:06:02.305807+00:00
MiniMax-M2.7-highspeed,705,303,0.00187,2026-05-17T01:15:49.884225+00:00
MiniMax-M2.7-highspeed,2096,899,0.003489,2026-05-17T01:16:42.735946+00:00
MiniMax-M2.7-highspeed,1143,490,0.003216,2026-05-17T01:17:09.522999+00:00
MiniMax-M2.7-highspeed,557,239,0.001178,2026-05-17T01:17:42.901162+00:00
deepseek-chat,190,82,0.0,2026-05-17T01:18:22.147446+00:00
MiniMax-M2.7-highspeed,3779,1620,0.0127,2026-05-17T01:18:26.439829+00:00
llama-3.3-70b-versatile,162,70,0.0,2026-05-17T01:18:44.842793+00:00
nvidia/nemotron-3-super-120b-a12b-20230311:free,363,156,0.0,2026-05-17T01:19:01.167794+00:00
MiniMax-M2.7-highspeed,2153,923,0.007282,2026-05-17T01:19:03.566848+00:00
deepseek-chat,668,287,0.0,2026-05-17T01:19:11.093543+00:00
deepseek-chat,796,342,0.0,2026-05-17T01:20:23.384981+00:00
nvidia/nemotron-3-super-120b-a12b-20230311:free,514,221,0.0,2026-05-17T01:21:05.651840+00:00
MiniMax-M2.7-highspeed,552,237,0.000837,2026-05-17T01:28:21.863115+00:00
nvidia/nemotron-3-super-120b-a12b-20230311:free,625,269,0.0,2026-05-17T01:29:16.195262+00:00
deepseek-chat,255,110,0.0,2026-05-17T01:29:33.715013+00:00
MiniMax-M2.7-highspeed,1584,679,0.005227,2026-05-17T01:29:44.073764+00:00
MiniMax-M2.7-highspeed,5916,2536,0.020226,2026-05-17T01:33:32.970403+00:00
MiniMax-M2.7-highspeed,1633,701,0.002057,2026-05-17T01:46:53.487724+00:00
llama-3.3-70b-versatile,350,150,0.0,2026-05-17T01:48:35.838372+00:00
MiniMax-M2.7-highspeed,1591,682,0.005232,2026-05-17T01:49:12.671746+00:00
deepseek-chat,599,257,0.0,2026-05-17T01:49:18.541893+00:00
deepseek-chat,192,83,0.0,2026-05-17T01:51:13.627392+00:00
MiniMax-M2.7-highspeed,970,416,0.003057,2026-05-17T01:51:34.665993+00:00
nvidia/nemotron-3-super-120b-a12b-20230311:free,861,370,0.0,2026-05-17T01:52:58.077206+00:00
MiniMax-M2.7-highspeed,640,275,0.001241,2026-05-17T01:59:53.821354+00:00
llama-3.3-70b-versatile,441,189,0.0,2026-05-17T02:01:13.721268+00:00
MiniMax-M2.7-highspeed,494,212,0.001205,2026-05-17T02:01:21.290657+00:00
deepseek-chat,381,164,0.0,2026-05-17T02:01:24.341399+00:00
nvidia/nemotron-3-super-120b-a12b-20230311:free,582,250,0.0,2026-05-17T02:02:25.381644+00:00
deepseek-chat,261,112,0.0,2026-05-17T02:02:34.497432+00:00
MiniMax-M2.7-highspeed,891,382,0.002612,2026-05-17T02:02:44.911617+00:00
MiniMax-M2.7-highspeed,984,422,0.003133,2026-05-17T02:02:52.123503+00:00
deepseek-chat,744,319,0.0,2026-05-17T02:03:02.731509+00:00
nvidia/nemotron-3-super-120b-a12b-20230311:free,942,404,0.0,2026-05-17T02:16:22.182917+00:00
MiniMax-M2.7-highspeed,1206,518,0.001996,2026-05-17T02:17:04.596847+00:00
